<?xml version="1.0" encoding="UTF-8" standalone="yes"?>
<xdr:wsDr xmlns:xdr="http://schemas.openxmlformats.org/drawingml/2006/spreadsheetDrawing" xmlns:a="http://schemas.openxmlformats.org/drawingml/2006/main"><xdr:twoCellAnchor><xdr:from><xdr:col>25</xdr:col><xdr:colOff>69850</xdr:colOff><xdr:row>51</xdr:row><xdr:rowOff>0</xdr:rowOff></xdr:from><xdr:to><xdr:col>41</xdr:col><xdr:colOff>488950</xdr:colOff><xdr:row>65</xdr:row><xdr:rowOff>165100</xdr:rowOff></xdr:to><xdr:graphicFrame macro=""><xdr:nvGraphicFramePr><xdr:cNvPr id="2565534" name="Chart 14"><a:extLst><a:ext uri="{FF2B5EF4-FFF2-40B4-BE49-F238E27FC236}"><a16:creationId xmlns:a16="http://schemas.microsoft.com/office/drawing/2014/main" id="{96C41CB5-8554-4313-9A31-D47CCB2F8EDB}"/></a:ext></a:extLst></xdr:cNvPr><xdr:cNvGraphicFramePr><a:graphicFrameLocks/></xdr:cNvGraphicFramePr></xdr:nvGraphicFramePr><xdr:xfrm><a:off x="0" y="0"/><a:ext cx="0" cy="0"/></xdr:xfrm><a:graphic><a:graphicData uri="http://schemas.openxmlformats.org/drawingml/2006/chart"><c:chart xmlns:c="http://schemas.openxmlformats.org/drawingml/2006/chart" xmlns:r="http://schemas.openxmlformats.org/officeDocument/2006/relationships" r:id="rId1"/></a:graphicData></a:graphic></xdr:graphicFrame><xdr:clientData/></xdr:twoCellAnchor><xdr:twoCellAnchor><xdr:from><xdr:col>25</xdr:col><xdr:colOff>31750</xdr:colOff><xdr:row>91</xdr:row><xdr:rowOff>0</xdr:rowOff></xdr:from><xdr:to><xdr:col>41</xdr:col><xdr:colOff>438150</xdr:colOff><xdr:row>106</xdr:row><xdr:rowOff>12700</xdr:rowOff></xdr:to><xdr:graphicFrame macro=""><xdr:nvGraphicFramePr><xdr:cNvPr id="2565535" name="Chart 15"><a:extLst><a:ext uri="{FF2B5EF4-FFF2-40B4-BE49-F238E27FC236}"><a16:creationId xmlns:a16="http://schemas.microsoft.com/office/drawing/2014/main" id="{DF6AF55E-C0CC-4551-B37C-1F24FC20D1E1}"/></a:ext></a:extLst></xdr:cNvPr><xdr:cNvGraphicFramePr><a:graphicFrameLocks/></xdr:cNvGraphicFramePr></xdr:nvGraphicFramePr><xdr:xfrm><a:off x="0" y="0"/><a:ext cx="0" cy="0"/></xdr:xfrm><a:graphic><a:graphicData uri="http://schemas.openxmlformats.org/drawingml/2006/chart"><c:chart xmlns:c="http://schemas.openxmlformats.org/drawingml/2006/chart" xmlns:r="http://schemas.openxmlformats.org/officeDocument/2006/relationships" r:id="rId2"/></a:graphicData></a:graphic></xdr:graphicFrame><xdr:clientData/></xdr:twoCellAnchor><xdr:twoCellAnchor editAs="oneCell"><xdr:from><xdr:col>1</xdr:col><xdr:colOff>0</xdr:colOff><xdr:row>2</xdr:row><xdr:rowOff>0</xdr:rowOff></xdr:from><xdr:to><xdr:col>1</xdr:col><xdr:colOff>749300</xdr:colOff><xdr:row>8</xdr:row><xdr:rowOff>44450</xdr:rowOff></xdr:to><xdr:pic><xdr:nvPicPr><xdr:cNvPr id="2565536" name="Picture 10776"><a:extLst><a:ext uri="{FF2B5EF4-FFF2-40B4-BE49-F238E27FC236}"><a16:creationId xmlns:a16="http://schemas.microsoft.com/office/drawing/2014/main" id="{B783CA9A-C59D-475E-B42F-9F3DDED3188B}"/></a:ext></a:extLst></xdr:cNvPr><xdr:cNvPicPr><a:picLocks noChangeAspect="1" noChangeArrowheads="1"/></xdr:cNvPicPr></xdr:nvPicPr><xdr:blipFill><a:blip xmlns:r="http://schemas.openxmlformats.org/officeDocument/2006/relationships" r:embed="rId3"><a:extLst><a:ext uri="{28A0092B-C50C-407E-A947-70E740481C1C}"><a14:useLocalDpi xmlns:a14="http://schemas.microsoft.com/office/drawing/2010/main" val="0"/></a:ext></a:extLst></a:blip><a:srcRect/><a:stretch><a:fillRect/></a:stretch></xdr:blipFill><xdr:spPr bwMode="auto"><a:xfrm><a:off x="958850" y="317500"/><a:ext cx="749300" cy="1073150"/></a:xfrm><a:prstGeom prst="rect"><a:avLst/></a:prstGeom><a:noFill/><a:ln><a:noFill/></a:ln><a:extLst><a:ext uri="{909E8E84-426E-40DD-AFC4-6F175D3DCCD1}"><a14:hiddenFill xmlns:a14="http://schemas.microsoft.com/office/drawing/2010/main"><a:solidFill><a:srgbClr val="FFFFFF"/></a:solidFill></a14:hiddenFill></a:ext><a:ext uri="{91240B29-F687-4F45-9708-019B960494DF}"><a14:hiddenLine xmlns:a14="http://schemas.microsoft.com/office/drawing/2010/main" w="1"><a:solidFill><a:srgbClr val="000000"/></a:solidFill><a:miter lim="800000"/><a:headEnd/><a:tailEnd/></a14:hiddenLine></a:ext></a:extLst></xdr:spPr></xdr:pic><xdr:clientData/></xdr:twoCellAnchor><xdr:twoCellAnchor><xdr:from><xdr:col>25</xdr:col><xdr:colOff>69850</xdr:colOff><xdr:row>131</xdr:row><xdr:rowOff>0</xdr:rowOff></xdr:from><xdr:to><xdr:col>41</xdr:col><xdr:colOff>488950</xdr:colOff><xdr:row>145</xdr:row><xdr:rowOff>165100</xdr:rowOff></xdr:to><xdr:graphicFrame macro=""><xdr:nvGraphicFramePr><xdr:cNvPr id="2565537" name="Chart 14"><a:extLst><a:ext uri="{FF2B5EF4-FFF2-40B4-BE49-F238E27FC236}"><a16:creationId xmlns:a16="http://schemas.microsoft.com/office/drawing/2014/main" id="{413D76A6-A971-41ED-B059-8295AFD2755B}"/></a:ext></a:extLst></xdr:cNvPr><xdr:cNvGraphicFramePr><a:graphicFrameLocks/></xdr:cNvGraphicFramePr></xdr:nvGraphicFramePr><xdr:xfrm><a:off x="0" y="0"/><a:ext cx="0" cy="0"/></xdr:xfrm><a:graphic><a:graphicData uri="http://schemas.openxmlformats.org/drawingml/2006/chart"><c:chart xmlns:c="http://schemas.openxmlformats.org/drawingml/2006/chart" xmlns:r="http://schemas.openxmlformats.org/officeDocument/2006/relationships" r:id="rId4"/></a:graphicData></a:graphic></xdr:graphicFrame><xdr:clientData/></xdr:twoCellAnchor><xdr:twoCellAnchor><xdr:from><xdr:col>25</xdr:col><xdr:colOff>69850</xdr:colOff><xdr:row>169</xdr:row><xdr:rowOff>0</xdr:rowOff></xdr:from><xdr:to><xdr:col>41</xdr:col><xdr:colOff>488950</xdr:colOff><xdr:row>183</xdr:row><xdr:rowOff>165100</xdr:rowOff></xdr:to><xdr:graphicFrame macro=""><xdr:nvGraphicFramePr><xdr:cNvPr id="2565538" name="Chart 14"><a:extLst><a:ext uri="{FF2B5EF4-FFF2-40B4-BE49-F238E27FC236}"><a16:creationId xmlns:a16="http://schemas.microsoft.com/office/drawing/2014/main" id="{D3E9FF41-22A8-437B-AD61-0DDC6D47E306}"/></a:ext></a:extLst></xdr:cNvPr><xdr:cNvGraphicFramePr><a:graphicFrameLocks/></xdr:cNvGraphicFramePr></xdr:nvGraphicFramePr><xdr:xfrm><a:off x="0" y="0"/><a:ext cx="0" cy="0"/></xdr:xfrm><a:graphic><a:graphicData uri="http://schemas.openxmlformats.org/drawingml/2006/chart"><c:chart xmlns:c="http://schemas.openxmlformats.org/drawingml/2006/chart" xmlns:r="http://schemas.openxmlformats.org/officeDocument/2006/relationships" r:id="rId5"/></a:graphicData></a:graphic></xdr:graphicFrame><xdr:clientData/></xdr:twoCellAnchor><xdr:twoCellAnchor><xdr:from><xdr:col>25</xdr:col><xdr:colOff>69850</xdr:colOff><xdr:row>208</xdr:row><xdr:rowOff>0</xdr:rowOff></xdr:from><xdr:to><xdr:col>41</xdr:col><xdr:colOff>488950</xdr:colOff><xdr:row>222</xdr:row><xdr:rowOff>165100</xdr:rowOff></xdr:to><xdr:graphicFrame macro=""><xdr:nvGraphicFramePr><xdr:cNvPr id="2565539" name="Chart 14"><a:extLst><a:ext uri="{FF2B5EF4-FFF2-40B4-BE49-F238E27FC236}"><a16:creationId xmlns:a16="http://schemas.microsoft.com/office/drawing/2014/main" id="{6FC1F426-D471-496C-9518-DEE808229C7F}"/></a:ext></a:extLst></xdr:cNvPr><xdr:cNvGraphicFramePr><a:graphicFrameLocks/></xdr:cNvGraphicFramePr></xdr:nvGraphicFramePr><xdr:xfrm><a:off x="0" y="0"/><a:ext cx="0" cy="0"/></xdr:xfrm><a:graphic><a:graphicData uri="http://schemas.openxmlformats.org/drawingml/2006/chart"><c:chart xmlns:c="http://schemas.openxmlformats.org/drawingml/2006/chart" xmlns:r="http://schemas.openxmlformats.org/officeDocument/2006/relationships" r:id="rId6"/></a:graphicData></a:graphic></xdr:graphicFrame><xdr:clientData/></xdr:twoCellAnchor><xdr:twoCellAnchor><xdr:from><xdr:col>25</xdr:col><xdr:colOff>69850</xdr:colOff><xdr:row>244</xdr:row><xdr:rowOff>0</xdr:rowOff></xdr:from><xdr:to><xdr:col>41</xdr:col><xdr:colOff>488950</xdr:colOff><xdr:row>258</xdr:row><xdr:rowOff>165100</xdr:rowOff></xdr:to><xdr:graphicFrame macro=""><xdr:nvGraphicFramePr><xdr:cNvPr id="2565540" name="Chart 14"><a:extLst><a:ext uri="{FF2B5EF4-FFF2-40B4-BE49-F238E27FC236}"><a16:creationId xmlns:a16="http://schemas.microsoft.com/office/drawing/2014/main" id="{E70B5103-FD6F-442C-9DCE-2D08B2888B40}"/></a:ext></a:extLst></xdr:cNvPr><xdr:cNvGraphicFramePr><a:graphicFrameLocks/></xdr:cNvGraphicFramePr></xdr:nvGraphicFramePr><xdr:xfrm><a:off x="0" y="0"/><a:ext cx="0" cy="0"/></xdr:xfrm><a:graphic><a:graphicData uri="http://schemas.openxmlformats.org/drawingml/2006/chart"><c:chart xmlns:c="http://schemas.openxmlformats.org/drawingml/2006/chart" xmlns:r="http://schemas.openxmlformats.org/officeDocument/2006/relationships" r:id="rId7"/></a:graphicData></a:graphic></xdr:graphicFrame><xdr:clientData/></xdr:twoCellAnchor><xdr:twoCellAnchor><xdr:from><xdr:col>25</xdr:col><xdr:colOff>0</xdr:colOff><xdr:row>281</xdr:row><xdr:rowOff>0</xdr:rowOff></xdr:from><xdr:to><xdr:col>41</xdr:col><xdr:colOff>419100</xdr:colOff><xdr:row>295</xdr:row><xdr:rowOff>165100</xdr:rowOff></xdr:to><xdr:graphicFrame macro=""><xdr:nvGraphicFramePr><xdr:cNvPr id="2565541" name="Chart 14"><a:extLst><a:ext uri="{FF2B5EF4-FFF2-40B4-BE49-F238E27FC236}"><a16:creationId xmlns:a16="http://schemas.microsoft.com/office/drawing/2014/main" id="{3D175B6C-5F5D-45FB-BD97-2E4EA79FD072}"/></a:ext></a:extLst></xdr:cNvPr><xdr:cNvGraphicFramePr><a:graphicFrameLocks/></xdr:cNvGraphicFramePr></xdr:nvGraphicFramePr><xdr:xfrm><a:off x="0" y="0"/><a:ext cx="0" cy="0"/></xdr:xfrm><a:graphic><a:graphicData uri="http://schemas.openxmlformats.org/drawingml/2006/chart"><c:chart xmlns:c="http://schemas.openxmlformats.org/drawingml/2006/chart" xmlns:r="http://schemas.openxmlformats.org/officeDocument/2006/relationships" r:id="rId8"/></a:graphicData></a:graphic></xdr:graphicFrame><xdr:clientData/></xdr:twoCellAnchor><xdr:twoCellAnchor><xdr:from><xdr:col>25</xdr:col><xdr:colOff>0</xdr:colOff><xdr:row>316</xdr:row><xdr:rowOff>0</xdr:rowOff></xdr:from><xdr:to><xdr:col>41</xdr:col><xdr:colOff>419100</xdr:colOff><xdr:row>330</xdr:row><xdr:rowOff>165100</xdr:rowOff></xdr:to><xdr:graphicFrame macro=""><xdr:nvGraphicFramePr><xdr:cNvPr id="2565542" name="Chart 14"><a:extLst><a:ext uri="{FF2B5EF4-FFF2-40B4-BE49-F238E27FC236}"><a16:creationId xmlns:a16="http://schemas.microsoft.com/office/drawing/2014/main" id="{5BB43AA1-139B-40E0-8876-B0B6447F2591}"/></a:ext></a:extLst></xdr:cNvPr><xdr:cNvGraphicFramePr><a:graphicFrameLocks/></xdr:cNvGraphicFramePr></xdr:nvGraphicFramePr><xdr:xfrm><a:off x="0" y="0"/><a:ext cx="0" cy="0"/></xdr:xfrm><a:graphic><a:graphicData uri="http://schemas.openxmlformats.org/drawingml/2006/chart"><c:chart xmlns:c="http://schemas.openxmlformats.org/drawingml/2006/chart" xmlns:r="http://schemas.openxmlformats.org/officeDocument/2006/relationships" r:id="rId9"/></a:graphicData></a:graphic></xdr:graphicFrame><xdr:clientData/></xdr:twoCellAnchor><xdr:twoCellAnchor><xdr:from><xdr:col>25</xdr:col><xdr:colOff>0</xdr:colOff><xdr:row>351</xdr:row><xdr:rowOff>0</xdr:rowOff></xdr:from><xdr:to><xdr:col>41</xdr:col><xdr:colOff>419100</xdr:colOff><xdr:row>365</xdr:row><xdr:rowOff>165100</xdr:rowOff></xdr:to><xdr:graphicFrame macro=""><xdr:nvGraphicFramePr><xdr:cNvPr id="2565543" name="Chart 14"><a:extLst><a:ext uri="{FF2B5EF4-FFF2-40B4-BE49-F238E27FC236}"><a16:creationId xmlns:a16="http://schemas.microsoft.com/office/drawing/2014/main" id="{7BFE6736-9870-4F4C-9E49-AB64D67BDBC8}"/></a:ext></a:extLst></xdr:cNvPr><xdr:cNvGraphicFramePr><a:graphicFrameLocks/></xdr:cNvGraphicFramePr></xdr:nvGraphicFramePr><xdr:xfrm><a:off x="0" y="0"/><a:ext cx="0" cy="0"/></xdr:xfrm><a:graphic><a:graphicData uri="http://schemas.openxmlformats.org/drawingml/2006/chart"><c:chart xmlns:c="http://schemas.openxmlformats.org/drawingml/2006/chart" xmlns:r="http://schemas.openxmlformats.org/officeDocument/2006/relationships" r:id="rId10"/></a:graphicData></a:graphic></xdr:graphicFrame><xdr:clientData/></xdr:twoCellAnchor></xdr:wsDr>