<?xml version="1.0" encoding="UTF-8" standalone="yes"?>
<c:chartSpace xmlns:c="http://schemas.openxmlformats.org/drawingml/2006/chart" xmlns:a="http://schemas.openxmlformats.org/drawingml/2006/main" xmlns:r="http://schemas.openxmlformats.org/officeDocument/2006/relationships" xmlns:c16r2="http://schemas.microsoft.com/office/drawing/2015/06/chart"><c:date1904 val="0"/><c:lang val="pt-BR"/><c:roundedCorners val="0"/><mc:AlternateContent xmlns:mc="http://schemas.openxmlformats.org/markup-compatibility/2006"><mc:Choice Requires="c14" xmlns:c14="http://schemas.microsoft.com/office/drawing/2007/8/2/chart"><c14:style val="102"/></mc:Choice><mc:Fallback><c:style val="2"/></mc:Fallback></mc:AlternateContent><c:chart><c:autoTitleDeleted val="0"/><c:plotArea><c:layout><c:manualLayout><c:layoutTarget val="inner"/><c:xMode val="edge"/><c:yMode val="edge"/><c:x val="7.6610180215668289E-2"/><c:y val="0.18215613382899659"/><c:w val="0.90266615924125226"/><c:h val="0.59786088025912654"/></c:manualLayout></c:layout><c:barChart><c:barDir val="col"/><c:grouping val="clustered"/><c:varyColors val="0"/><c:ser><c:idx val="12"/><c:order val="0"/><c:tx><c:strRef><c:f>Plan1!$C$352</c:f><c:strCache><c:ptCount val="1"/><c:pt idx="0"><c:v>2012</c:v></c:pt></c:strCache></c:strRef></c:tx><c:invertIfNegative val="0"/><c:cat><c:strRef><c:f>Plan1!$B$353:$B$364</c:f><c:strCache><c:ptCount val="12"/><c:pt idx="0"><c:v>Janeiro</c:v></c:pt><c:pt idx="1"><c:v>Fevereiro</c:v></c:pt><c:pt idx="2"><c:v>Março</c:v></c:pt><c:pt idx="3"><c:v>Abril</c:v></c:pt><c:pt idx="4"><c:v>Maio</c:v></c:pt><c:pt idx="5"><c:v>Junho</c:v></c:pt><c:pt idx="6"><c:v>Julho</c:v></c:pt><c:pt idx="7"><c:v>Agosto</c:v></c:pt><c:pt idx="8"><c:v>Setembro</c:v></c:pt><c:pt idx="9"><c:v>Outubro</c:v></c:pt><c:pt idx="10"><c:v>Novembro</c:v></c:pt><c:pt idx="11"><c:v>Dezembro</c:v></c:pt></c:strCache></c:strRef></c:cat><c:val><c:numRef><c:f>Plan1!$C$353:$C$364</c:f><c:numCache><c:formatCode>_(* #,##0_);_(* \(#,##0\);_(* "-"??_);_(@_)</c:formatCode><c:ptCount val="12"/><c:pt idx="0"><c:v>3927754.9330000011</c:v></c:pt><c:pt idx="1"><c:v>4179450.8150000004</c:v></c:pt><c:pt idx="2"><c:v>4750772.8780000024</c:v></c:pt><c:pt idx="3"><c:v>4313013.5870000003</c:v></c:pt><c:pt idx="4"><c:v>4669094.7479999997</c:v></c:pt><c:pt idx="5"><c:v>4563513.5899999989</c:v></c:pt><c:pt idx="6"><c:v>4779889.0250000032</c:v></c:pt><c:pt idx="7"><c:v>5218640.9349999996</c:v></c:pt><c:pt idx="8"><c:v>4734885.568</c:v></c:pt><c:pt idx="9"><c:v>5259784.5159999989</c:v></c:pt><c:pt idx="10"><c:v>5000417.4109999994</c:v></c:pt><c:pt idx="11"><c:v>4503145.6649999982</c:v></c:pt></c:numCache></c:numRef></c:val><c:extLst><c:ext uri="{C3380CC4-5D6E-409C-BE32-E72D297353CC}" xmlns:c16="http://schemas.microsoft.com/office/drawing/2014/chart"><c16:uniqueId val="{00000000-4248-4BF8-85ED-DD810194CEBB}"/></c:ext></c:extLst></c:ser><c:ser><c:idx val="13"/><c:order val="1"/><c:tx><c:strRef><c:f>Plan1!$D$352</c:f><c:strCache><c:ptCount val="1"/><c:pt idx="0"><c:v>2013</c:v></c:pt></c:strCache></c:strRef></c:tx><c:invertIfNegative val="0"/><c:cat><c:strRef><c:f>Plan1!$B$353:$B$364</c:f><c:strCache><c:ptCount val="12"/><c:pt idx="0"><c:v>Janeiro</c:v></c:pt><c:pt idx="1"><c:v>Fevereiro</c:v></c:pt><c:pt idx="2"><c:v>Março</c:v></c:pt><c:pt idx="3"><c:v>Abril</c:v></c:pt><c:pt idx="4"><c:v>Maio</c:v></c:pt><c:pt idx="5"><c:v>Junho</c:v></c:pt><c:pt idx="6"><c:v>Julho</c:v></c:pt><c:pt idx="7"><c:v>Agosto</c:v></c:pt><c:pt idx="8"><c:v>Setembro</c:v></c:pt><c:pt idx="9"><c:v>Outubro</c:v></c:pt><c:pt idx="10"><c:v>Novembro</c:v></c:pt><c:pt idx="11"><c:v>Dezembro</c:v></c:pt></c:strCache></c:strRef></c:cat><c:val><c:numRef><c:f>Plan1!$D$353:$D$364</c:f><c:numCache><c:formatCode>_(* #,##0_);_(* \(#,##0\);_(* "-"??_);_(@_)</c:formatCode><c:ptCount val="12"/><c:pt idx="0"><c:v>4456692.9899999993</c:v></c:pt><c:pt idx="1"><c:v>4276021.1120000007</c:v></c:pt><c:pt idx="2"><c:v>4696752.1670000013</c:v></c:pt><c:pt idx="3"><c:v>4943159.0370000005</c:v></c:pt><c:pt idx="4"><c:v>4928345.7890000017</c:v></c:pt><c:pt idx="5"><c:v>4708673.3840000005</c:v></c:pt><c:pt idx="6"><c:v>5119508.3109999988</c:v></c:pt><c:pt idx="7"><c:v>5369365.1299999999</c:v></c:pt><c:pt idx="8"><c:v>5029822.6949999975</c:v></c:pt><c:pt idx="9"><c:v>5483350.453999998</c:v></c:pt><c:pt idx="10"><c:v>5091614.642</c:v></c:pt><c:pt idx="11"><c:v>4469189.3730000006</c:v></c:pt></c:numCache></c:numRef></c:val><c:extLst><c:ext uri="{C3380CC4-5D6E-409C-BE32-E72D297353CC}" xmlns:c16="http://schemas.microsoft.com/office/drawing/2014/chart"><c16:uniqueId val="{00000001-4248-4BF8-85ED-DD810194CEBB}"/></c:ext></c:extLst></c:ser><c:ser><c:idx val="15"/><c:order val="2"/><c:tx><c:strRef><c:f>Plan1!$E$352</c:f><c:strCache><c:ptCount val="1"/><c:pt idx="0"><c:v>2014</c:v></c:pt></c:strCache></c:strRef></c:tx><c:invertIfNegative val="0"/><c:cat><c:strRef><c:f>Plan1!$B$353:$B$364</c:f><c:strCache><c:ptCount val="12"/><c:pt idx="0"><c:v>Janeiro</c:v></c:pt><c:pt idx="1"><c:v>Fevereiro</c:v></c:pt><c:pt idx="2"><c:v>Março</c:v></c:pt><c:pt idx="3"><c:v>Abril</c:v></c:pt><c:pt idx="4"><c:v>Maio</c:v></c:pt><c:pt idx="5"><c:v>Junho</c:v></c:pt><c:pt idx="6"><c:v>Julho</c:v></c:pt><c:pt idx="7"><c:v>Agosto</c:v></c:pt><c:pt idx="8"><c:v>Setembro</c:v></c:pt><c:pt idx="9"><c:v>Outubro</c:v></c:pt><c:pt idx="10"><c:v>Novembro</c:v></c:pt><c:pt idx="11"><c:v>Dezembro</c:v></c:pt></c:strCache></c:strRef></c:cat><c:val><c:numRef><c:f>Plan1!$E$353:$E$364</c:f><c:numCache><c:formatCode>_(* #,##0_);_(* \(#,##0\);_(* "-"??_);_(@_)</c:formatCode><c:ptCount val="12"/><c:pt idx="0"><c:v>4566320.5499999989</c:v></c:pt><c:pt idx="1"><c:v>4679585.07</c:v></c:pt><c:pt idx="2"><c:v>4815102.6629999978</c:v></c:pt><c:pt idx="3"><c:v>4885145.648</c:v></c:pt><c:pt idx="4"><c:v>5131918.7300000023</c:v></c:pt><c:pt idx="5"><c:v>4707725.4329999983</c:v></c:pt><c:pt idx="6"><c:v>5186600.9310000027</c:v></c:pt><c:pt idx="7"><c:v>5350986.9620000022</c:v></c:pt><c:pt idx="8"><c:v>5355678.4680000003</c:v></c:pt><c:pt idx="9"><c:v>5732736.7170000002</c:v></c:pt><c:pt idx="10"><c:v>4910217.6610000012</c:v></c:pt><c:pt idx="11"><c:v>4709598.7560000001</c:v></c:pt></c:numCache></c:numRef></c:val><c:extLst><c:ext uri="{C3380CC4-5D6E-409C-BE32-E72D297353CC}" xmlns:c16="http://schemas.microsoft.com/office/drawing/2014/chart"><c16:uniqueId val="{00000002-4248-4BF8-85ED-DD810194CEBB}"/></c:ext></c:extLst></c:ser><c:ser><c:idx val="14"/><c:order val="3"/><c:tx><c:strRef><c:f>Plan1!$F$352</c:f><c:strCache><c:ptCount val="1"/><c:pt idx="0"><c:v>2015</c:v></c:pt></c:strCache></c:strRef></c:tx><c:invertIfNegative val="0"/><c:cat><c:strRef><c:f>Plan1!$B$353:$B$364</c:f><c:strCache><c:ptCount val="12"/><c:pt idx="0"><c:v>Janeiro</c:v></c:pt><c:pt idx="1"><c:v>Fevereiro</c:v></c:pt><c:pt idx="2"><c:v>Março</c:v></c:pt><c:pt idx="3"><c:v>Abril</c:v></c:pt><c:pt idx="4"><c:v>Maio</c:v></c:pt><c:pt idx="5"><c:v>Junho</c:v></c:pt><c:pt idx="6"><c:v>Julho</c:v></c:pt><c:pt idx="7"><c:v>Agosto</c:v></c:pt><c:pt idx="8"><c:v>Setembro</c:v></c:pt><c:pt idx="9"><c:v>Outubro</c:v></c:pt><c:pt idx="10"><c:v>Novembro</c:v></c:pt><c:pt idx="11"><c:v>Dezembro</c:v></c:pt></c:strCache></c:strRef></c:cat><c:val><c:numRef><c:f>Plan1!$F$353:$F$364</c:f><c:numCache><c:formatCode>_(* #,##0_);_(* \(#,##0\);_(* "-"??_);_(@_)</c:formatCode><c:ptCount val="12"/><c:pt idx="0"><c:v>4732998.7530000005</c:v></c:pt><c:pt idx="1"><c:v>4071620.8390000002</c:v></c:pt><c:pt idx="2"><c:v>5013801.7280000001</c:v></c:pt><c:pt idx="3"><c:v>4738922.6490000002</c:v></c:pt><c:pt idx="4"><c:v>4636556.5580000021</c:v></c:pt><c:pt idx="5"><c:v>4863308.6789999995</c:v></c:pt><c:pt idx="6"><c:v>4963402.3359999992</c:v></c:pt><c:pt idx="7"><c:v>5017610.4500000011</c:v></c:pt><c:pt idx="8"><c:v>4932080.529000001</c:v></c:pt><c:pt idx="9"><c:v>5181460.3139999993</c:v></c:pt><c:pt idx="10"><c:v>4558032.3339999998</c:v></c:pt><c:pt idx="11"><c:v>4501075.2029999997</c:v></c:pt></c:numCache></c:numRef></c:val><c:extLst><c:ext uri="{C3380CC4-5D6E-409C-BE32-E72D297353CC}" xmlns:c16="http://schemas.microsoft.com/office/drawing/2014/chart"><c16:uniqueId val="{00000003-4248-4BF8-85ED-DD810194CEBB}"/></c:ext></c:extLst></c:ser><c:ser><c:idx val="16"/><c:order val="4"/><c:tx><c:strRef><c:f>Plan1!$G$352</c:f><c:strCache><c:ptCount val="1"/><c:pt idx="0"><c:v>2016</c:v></c:pt></c:strCache></c:strRef></c:tx><c:invertIfNegative val="0"/><c:cat><c:strRef><c:f>Plan1!$B$353:$B$364</c:f><c:strCache><c:ptCount val="12"/><c:pt idx="0"><c:v>Janeiro</c:v></c:pt><c:pt idx="1"><c:v>Fevereiro</c:v></c:pt><c:pt idx="2"><c:v>Março</c:v></c:pt><c:pt idx="3"><c:v>Abril</c:v></c:pt><c:pt idx="4"><c:v>Maio</c:v></c:pt><c:pt idx="5"><c:v>Junho</c:v></c:pt><c:pt idx="6"><c:v>Julho</c:v></c:pt><c:pt idx="7"><c:v>Agosto</c:v></c:pt><c:pt idx="8"><c:v>Setembro</c:v></c:pt><c:pt idx="9"><c:v>Outubro</c:v></c:pt><c:pt idx="10"><c:v>Novembro</c:v></c:pt><c:pt idx="11"><c:v>Dezembro</c:v></c:pt></c:strCache></c:strRef></c:cat><c:val><c:numRef><c:f>Plan1!$G$353:$G$364</c:f><c:numCache><c:formatCode>_(* #,##0_);_(* \(#,##0\);_(* "-"??_);_(@_)</c:formatCode><c:ptCount val="12"/><c:pt idx="0"><c:v>3942869.9830000005</c:v></c:pt><c:pt idx="1"><c:v>4284566.7949999999</c:v></c:pt><c:pt idx="2"><c:v>4751359.4499999983</c:v></c:pt><c:pt idx="3"><c:v>4572943.9799999986</c:v></c:pt><c:pt idx="4"><c:v>4499732.5760000013</c:v></c:pt><c:pt idx="5"><c:v>4616496.4809999978</c:v></c:pt><c:pt idx="6"><c:v>4697056.9579999987</c:v></c:pt><c:pt idx="7"><c:v>4903384.936999999</c:v></c:pt><c:pt idx="8"><c:v>4775598.2230000012</c:v></c:pt><c:pt idx="9"><c:v>4631472.0720000025</c:v></c:pt><c:pt idx="10"><c:v>4400045.9489999991</c:v></c:pt><c:pt idx="11"><c:v>4203042.6689999988</c:v></c:pt></c:numCache></c:numRef></c:val><c:extLst><c:ext uri="{C3380CC4-5D6E-409C-BE32-E72D297353CC}" xmlns:c16="http://schemas.microsoft.com/office/drawing/2014/chart"><c16:uniqueId val="{00000004-4248-4BF8-85ED-DD810194CEBB}"/></c:ext></c:extLst></c:ser><c:ser><c:idx val="17"/><c:order val="5"/><c:tx><c:strRef><c:f>Plan1!$H$352</c:f><c:strCache><c:ptCount val="1"/><c:pt idx="0"><c:v>2017</c:v></c:pt></c:strCache></c:strRef></c:tx><c:invertIfNegative val="0"/><c:cat><c:strRef><c:f>Plan1!$B$353:$B$364</c:f><c:strCache><c:ptCount val="12"/><c:pt idx="0"><c:v>Janeiro</c:v></c:pt><c:pt idx="1"><c:v>Fevereiro</c:v></c:pt><c:pt idx="2"><c:v>Março</c:v></c:pt><c:pt idx="3"><c:v>Abril</c:v></c:pt><c:pt idx="4"><c:v>Maio</c:v></c:pt><c:pt idx="5"><c:v>Junho</c:v></c:pt><c:pt idx="6"><c:v>Julho</c:v></c:pt><c:pt idx="7"><c:v>Agosto</c:v></c:pt><c:pt idx="8"><c:v>Setembro</c:v></c:pt><c:pt idx="9"><c:v>Outubro</c:v></c:pt><c:pt idx="10"><c:v>Novembro</c:v></c:pt><c:pt idx="11"><c:v>Dezembro</c:v></c:pt></c:strCache></c:strRef></c:cat><c:val><c:numRef><c:f>Plan1!$H$353:$H$364</c:f><c:numCache><c:formatCode>_(* #,##0_);_(* \(#,##0\);_(* "-"??_);_(@_)</c:formatCode><c:ptCount val="12"/><c:pt idx="0"><c:v>3959166.6519999984</c:v></c:pt><c:pt idx="1"><c:v>4034946.4360000002</c:v></c:pt><c:pt idx="2"><c:v>4852097.2459999993</c:v></c:pt><c:pt idx="3"><c:v>4146623.9240000006</c:v></c:pt><c:pt idx="4"><c:v>4614686.9570000004</c:v></c:pt><c:pt idx="5"><c:v>4677453.5930000003</c:v></c:pt><c:pt idx="6"><c:v>4821464.4479999989</c:v></c:pt><c:pt idx="7"><c:v>5001582.4899999984</c:v></c:pt><c:pt idx="8"><c:v>4856584.1009999979</c:v></c:pt><c:pt idx="9"><c:v>4915778.4639999997</c:v></c:pt><c:pt idx="10"><c:v>4640681.9250000007</c:v></c:pt><c:pt idx="11"><c:v>4251226.248999997</c:v></c:pt></c:numCache></c:numRef></c:val><c:extLst><c:ext uri="{C3380CC4-5D6E-409C-BE32-E72D297353CC}" xmlns:c16="http://schemas.microsoft.com/office/drawing/2014/chart"><c16:uniqueId val="{00000005-4248-4BF8-85ED-DD810194CEBB}"/></c:ext></c:extLst></c:ser><c:ser><c:idx val="0"/><c:order val="6"/><c:tx><c:strRef><c:f>Plan1!$I$352</c:f><c:strCache><c:ptCount val="1"/><c:pt idx="0"><c:v>2018</c:v></c:pt></c:strCache></c:strRef></c:tx><c:invertIfNegative val="0"/><c:cat><c:strRef><c:f>Plan1!$B$353:$B$364</c:f><c:strCache><c:ptCount val="12"/><c:pt idx="0"><c:v>Janeiro</c:v></c:pt><c:pt idx="1"><c:v>Fevereiro</c:v></c:pt><c:pt idx="2"><c:v>Março</c:v></c:pt><c:pt idx="3"><c:v>Abril</c:v></c:pt><c:pt idx="4"><c:v>Maio</c:v></c:pt><c:pt idx="5"><c:v>Junho</c:v></c:pt><c:pt idx="6"><c:v>Julho</c:v></c:pt><c:pt idx="7"><c:v>Agosto</c:v></c:pt><c:pt idx="8"><c:v>Setembro</c:v></c:pt><c:pt idx="9"><c:v>Outubro</c:v></c:pt><c:pt idx="10"><c:v>Novembro</c:v></c:pt><c:pt idx="11"><c:v>Dezembro</c:v></c:pt></c:strCache></c:strRef></c:cat><c:val><c:numRef><c:f>Plan1!$I$353:$I$364</c:f><c:numCache><c:formatCode>_(* #,##0_);_(* \(#,##0\);_(* "-"??_);_(@_)</c:formatCode><c:ptCount val="12"/><c:pt idx="0"><c:v>4135742.4269999987</c:v></c:pt><c:pt idx="1"><c:v>4120481.7120000012</c:v></c:pt><c:pt idx="2"><c:v>4825773.4430000018</c:v></c:pt><c:pt idx="3"><c:v>4618470.2200000007</c:v></c:pt><c:pt idx="4"><c:v>3772603.2739999988</c:v></c:pt><c:pt idx="5"><c:v>5011752.4370000008</c:v></c:pt><c:pt idx="6"><c:v>4982153.4779999992</c:v></c:pt><c:pt idx="7"><c:v>5197649.5830000006</c:v></c:pt><c:pt idx="8"><c:v>4759700.9699999988</c:v></c:pt><c:pt idx="9"><c:v>5058821.4720000001</c:v></c:pt><c:pt idx="10"><c:v>4738254.6340000005</c:v></c:pt><c:pt idx="11"><c:v>4408063.5220000017</c:v></c:pt></c:numCache></c:numRef></c:val><c:extLst><c:ext uri="{C3380CC4-5D6E-409C-BE32-E72D297353CC}" xmlns:c16="http://schemas.microsoft.com/office/drawing/2014/chart"><c16:uniqueId val="{00000006-4248-4BF8-85ED-DD810194CEBB}"/></c:ext></c:extLst></c:ser><c:ser><c:idx val="1"/><c:order val="7"/><c:tx><c:strRef><c:f>Plan1!$J$352</c:f><c:strCache><c:ptCount val="1"/><c:pt idx="0"><c:v>2019</c:v></c:pt></c:strCache></c:strRef></c:tx><c:invertIfNegative val="0"/><c:cat><c:strRef><c:f>Plan1!$B$353:$B$364</c:f><c:strCache><c:ptCount val="12"/><c:pt idx="0"><c:v>Janeiro</c:v></c:pt><c:pt idx="1"><c:v>Fevereiro</c:v></c:pt><c:pt idx="2"><c:v>Março</c:v></c:pt><c:pt idx="3"><c:v>Abril</c:v></c:pt><c:pt idx="4"><c:v>Maio</c:v></c:pt><c:pt idx="5"><c:v>Junho</c:v></c:pt><c:pt idx="6"><c:v>Julho</c:v></c:pt><c:pt idx="7"><c:v>Agosto</c:v></c:pt><c:pt idx="8"><c:v>Setembro</c:v></c:pt><c:pt idx="9"><c:v>Outubro</c:v></c:pt><c:pt idx="10"><c:v>Novembro</c:v></c:pt><c:pt idx="11"><c:v>Dezembro</c:v></c:pt></c:strCache></c:strRef></c:cat><c:val><c:numRef><c:f>Plan1!$J$353:$J$364</c:f><c:numCache><c:formatCode>_(* #,##0_);_(* \(#,##0\);_(* "-"??_);_(@_)</c:formatCode><c:ptCount val="12"/><c:pt idx="0"><c:v>4391503.4300000016</c:v></c:pt><c:pt idx="1"><c:v>4375219.4479999989</c:v></c:pt><c:pt idx="2"><c:v>4554752.7959999992</c:v></c:pt><c:pt idx="3"><c:v>4653654.3949999996</c:v></c:pt><c:pt idx="4"><c:v>4796717.5599999987</c:v></c:pt><c:pt idx="5"><c:v>4653210.841</c:v></c:pt><c:pt idx="6"><c:v>5187031.6069999998</c:v></c:pt><c:pt idx="7"><c:v>5284080.5659999987</c:v></c:pt><c:pt idx="8"><c:v>4891110.9880000027</c:v></c:pt><c:pt idx="9"><c:v>5415773.4340000022</c:v></c:pt><c:pt idx="10"><c:v>4808784.1529999999</c:v></c:pt><c:pt idx="11"><c:v>4286608.5059999991</c:v></c:pt></c:numCache></c:numRef></c:val><c:extLst><c:ext uri="{C3380CC4-5D6E-409C-BE32-E72D297353CC}" xmlns:c16="http://schemas.microsoft.com/office/drawing/2014/chart"><c16:uniqueId val="{00000007-4248-4BF8-85ED-DD810194CEBB}"/></c:ext></c:extLst></c:ser><c:ser><c:idx val="2"/><c:order val="8"/><c:tx><c:v>2020</c:v></c:tx><c:invertIfNegative val="0"/><c:cat><c:strRef><c:f>Plan1!$B$353:$B$364</c:f><c:strCache><c:ptCount val="12"/><c:pt idx="0"><c:v>Janeiro</c:v></c:pt><c:pt idx="1"><c:v>Fevereiro</c:v></c:pt><c:pt idx="2"><c:v>Março</c:v></c:pt><c:pt idx="3"><c:v>Abril</c:v></c:pt><c:pt idx="4"><c:v>Maio</c:v></c:pt><c:pt idx="5"><c:v>Junho</c:v></c:pt><c:pt idx="6"><c:v>Julho</c:v></c:pt><c:pt idx="7"><c:v>Agosto</c:v></c:pt><c:pt idx="8"><c:v>Setembro</c:v></c:pt><c:pt idx="9"><c:v>Outubro</c:v></c:pt><c:pt idx="10"><c:v>Novembro</c:v></c:pt><c:pt idx="11"><c:v>Dezembro</c:v></c:pt></c:strCache></c:strRef></c:cat><c:val><c:numRef><c:f>Plan1!$K$353:$K$364</c:f><c:numCache><c:formatCode>_(* #,##0_);_(* \(#,##0\);_(* "-"??_);_(@_)</c:formatCode><c:ptCount val="12"/><c:pt idx="0"><c:v>4432971.260999999</c:v></c:pt><c:pt idx="1"><c:v>4514231.523</c:v></c:pt><c:pt idx="2"><c:v>4710564.4950000001</c:v></c:pt><c:pt idx="3"><c:v>4004816.9029999999</c:v></c:pt><c:pt idx="4"><c:v>4360350.2940000016</c:v></c:pt><c:pt idx="5"><c:v>4696043.3550000004</c:v></c:pt><c:pt idx="6"><c:v>5231198.7909999993</c:v></c:pt><c:pt idx="7"><c:v>5164439.1869999981</c:v></c:pt><c:pt idx="8"><c:v>5237175.794999999</c:v></c:pt></c:numCache></c:numRef></c:val><c:extLst><c:ext uri="{C3380CC4-5D6E-409C-BE32-E72D297353CC}" xmlns:c16="http://schemas.microsoft.com/office/drawing/2014/chart"><c16:uniqueId val="{00000008-4248-4BF8-85ED-DD810194CEBB}"/></c:ext></c:extLst></c:ser><c:dLbls><c:showLegendKey val="0"/><c:showVal val="0"/><c:showCatName val="0"/><c:showSerName val="0"/><c:showPercent val="0"/><c:showBubbleSize val="0"/></c:dLbls><c:gapWidth val="150"/><c:axId val="503883928"/><c:axId val="1"/></c:barChart><c:catAx><c:axId val="503883928"/><c:scaling><c:orientation val="minMax"/></c:scaling><c:delete val="0"/><c:axPos val="b"/><c:title><c:tx><c:rich><a:bodyPr/><a:lstStyle/><a:p><a:pPr><a:defRPr sz="1200" b="1" i="0" u="none" strike="noStrike" baseline="0"><a:solidFill><a:srgbClr val="000000"/></a:solidFill><a:latin typeface="Arial"/><a:ea typeface="Arial"/><a:cs typeface="Arial"/></a:defRPr></a:pPr><a:r><a:rPr lang="pt-BR"/><a:t>Mês</a:t></a:r></a:p></c:rich></c:tx><c:layout><c:manualLayout><c:xMode val="edge"/><c:yMode val="edge"/><c:x val="0.52869564667212898"/><c:y val="0.87732517926574316"/></c:manualLayout></c:layout><c:overlay val="0"/><c:spPr><a:noFill/><a:ln w="25400"><a:noFill/></a:ln></c:spPr></c:title><c:numFmt formatCode="General" sourceLinked="1"/><c:majorTickMark val="out"/><c:minorTickMark val="none"/><c:tickLblPos val="nextTo"/><c:spPr><a:ln w="3175"><a:solidFill><a:srgbClr val="000000"/></a:solidFill><a:prstDash val="solid"/></a:ln></c:spPr><c:txPr><a:bodyPr rot="-2700000" vert="horz"/><a:lstStyle/><a:p><a:pPr><a:defRPr sz="800" b="0" i="0" u="none" strike="noStrike" baseline="0"><a:solidFill><a:srgbClr val="000000"/></a:solidFill><a:latin typeface="Arial"/><a:ea typeface="Arial"/><a:cs typeface="Arial"/></a:defRPr></a:pPr><a:endParaRPr lang="pt-BR"/></a:p></c:txPr><c:crossAx val="1"/><c:crosses val="autoZero"/><c:auto val="1"/><c:lblAlgn val="ctr"/><c:lblOffset val="100"/><c:tickLblSkip val="1"/><c:tickMarkSkip val="1"/><c:noMultiLvlLbl val="0"/></c:catAx><c:valAx><c:axId val="1"/><c:scaling><c:orientation val="minMax"/></c:scaling><c:delete val="0"/><c:axPos val="l"/><c:majorGridlines><c:spPr><a:ln w="3175"><a:solidFill><a:srgbClr val="000000"/></a:solidFill><a:prstDash val="solid"/></a:ln></c:spPr></c:majorGridlines><c:title><c:tx><c:rich><a:bodyPr/><a:lstStyle/><a:p><a:pPr><a:defRPr sz="1100" b="0" i="0" u="none" strike="noStrike" baseline="0"><a:solidFill><a:srgbClr val="000000"/></a:solidFill><a:latin typeface="Calibri"/><a:ea typeface="Calibri"/><a:cs typeface="Calibri"/></a:defRPr></a:pPr><a:r><a:rPr lang="pt-BR" sz="1200" b="1" i="0" u="none" strike="noStrike" baseline="0"><a:solidFill><a:srgbClr val="000000"/></a:solidFill><a:latin typeface="Arial"/><a:cs typeface="Arial"/></a:rPr><a:t>m</a:t></a:r><a:r><a:rPr lang="pt-BR" sz="1200" b="1" i="0" u="none" strike="noStrike" baseline="30000"><a:solidFill><a:srgbClr val="000000"/></a:solidFill><a:latin typeface="Arial"/><a:cs typeface="Arial"/></a:rPr><a:t>3</a:t></a:r></a:p></c:rich></c:tx><c:layout><c:manualLayout><c:xMode val="edge"/><c:yMode val="edge"/><c:x val="8.6956466721290204E-3"/><c:y val="0.39033508528555516"/></c:manualLayout></c:layout><c:overlay val="0"/><c:spPr><a:noFill/><a:ln w="25400"><a:noFill/></a:ln></c:spPr></c:title><c:numFmt formatCode="#,##0" sourceLinked="0"/><c:majorTickMark val="out"/><c:minorTickMark val="none"/><c:tickLblPos val="nextTo"/><c:spPr><a:ln w="3175"><a:solidFill><a:srgbClr val="000000"/></a:solidFill><a:prstDash val="solid"/></a:ln></c:spPr><c:txPr><a:bodyPr rot="0" vert="horz"/><a:lstStyle/><a:p><a:pPr><a:defRPr sz="925" b="0" i="0" u="none" strike="noStrike" baseline="0"><a:solidFill><a:srgbClr val="000000"/></a:solidFill><a:latin typeface="Arial"/><a:ea typeface="Arial"/><a:cs typeface="Arial"/></a:defRPr></a:pPr><a:endParaRPr lang="pt-BR"/></a:p></c:txPr><c:crossAx val="503883928"/><c:crosses val="autoZero"/><c:crossBetween val="between"/></c:valAx><c:spPr><a:solidFill><a:srgbClr val="FFFFFF"/></a:solidFill><a:ln w="12700"><a:solidFill><a:srgbClr val="808080"/></a:solidFill><a:prstDash val="solid"/></a:ln></c:spPr></c:plotArea><c:legend><c:legendPos val="r"/><c:layout><c:manualLayout><c:xMode val="edge"/><c:yMode val="edge"/><c:wMode val="edge"/><c:hMode val="edge"/><c:x val="0.16841782583524989"/><c:y val="5.4864891268244079E-2"/><c:w val="0.4262824459116174"/><c:h val="0.13217443973349485"/></c:manualLayout></c:layout><c:overlay val="0"/><c:spPr><a:solidFill><a:srgbClr val="FFFFFF"/></a:solidFill><a:ln w="3175"><a:solidFill><a:srgbClr val="000000"/></a:solidFill><a:prstDash val="solid"/></a:ln></c:spPr><c:txPr><a:bodyPr/><a:lstStyle/><a:p><a:pPr><a:defRPr sz="920" b="0" i="0" u="none" strike="noStrike" baseline="0"><a:solidFill><a:srgbClr val="000000"/></a:solidFill><a:latin typeface="Arial"/><a:ea typeface="Arial"/><a:cs typeface="Arial"/></a:defRPr></a:pPr><a:endParaRPr lang="pt-BR"/></a:p></c:txPr></c:legend><c:plotVisOnly val="1"/><c:dispBlanksAs val="gap"/><c:showDLblsOverMax val="0"/></c:chart><c:spPr><a:solidFill><a:srgbClr val="C0C0C0"/></a:solidFill><a:ln w="3175"><a:solidFill><a:srgbClr val="000000"/></a:solidFill><a:prstDash val="solid"/></a:ln></c:spPr><c:txPr><a:bodyPr/><a:lstStyle/><a:p><a:pPr><a:defRPr sz="1025" b="0" i="0" u="none" strike="noStrike" baseline="0"><a:solidFill><a:srgbClr val="000000"/></a:solidFill><a:latin typeface="Arial"/><a:ea typeface="Arial"/><a:cs typeface="Arial"/></a:defRPr></a:pPr><a:endParaRPr lang="pt-BR"/></a:p></c:txPr><c:printSettings><c:headerFooter alignWithMargins="0"/><c:pageMargins b="0.98425196899999956" l="0.78740157499999996" r="0.78740157499999996" t="0.98425196899999956" header="0.49212598500000093" footer="0.49212598500000093"/><c:pageSetup/></c:printSettings></c:chartSpace>