<?xml version="1.0" encoding="UTF-8" standalone="yes"?>
<c:chartSpace xmlns:c="http://schemas.openxmlformats.org/drawingml/2006/chart" xmlns:a="http://schemas.openxmlformats.org/drawingml/2006/main" xmlns:r="http://schemas.openxmlformats.org/officeDocument/2006/relationships" xmlns:c16r2="http://schemas.microsoft.com/office/drawing/2015/06/chart"><c:date1904 val="0"/><c:lang val="pt-BR"/><c:roundedCorners val="0"/><mc:AlternateContent xmlns:mc="http://schemas.openxmlformats.org/markup-compatibility/2006"><mc:Choice Requires="c14" xmlns:c14="http://schemas.microsoft.com/office/drawing/2007/8/2/chart"><c14:style val="102"/></mc:Choice><mc:Fallback><c:style val="2"/></mc:Fallback></mc:AlternateContent><c:chart><c:autoTitleDeleted val="0"/><c:plotArea><c:layout><c:manualLayout><c:layoutTarget val="inner"/><c:xMode val="edge"/><c:yMode val="edge"/><c:x val="7.6610180215668247E-2"/><c:y val="0.18215613382899629"/><c:w val="0.90266615924125393"/><c:h val="0.59786088025912654"/></c:manualLayout></c:layout><c:barChart><c:barDir val="col"/><c:grouping val="clustered"/><c:varyColors val="0"/><c:ser><c:idx val="0"/><c:order val="0"/><c:tx><c:v>2000</c:v></c:tx><c:spPr><a:solidFill><a:srgbClr val="9999FF"/></a:solidFill><a:ln w="12700"><a:solidFill><a:srgbClr val="000000"/></a:solidFill><a:prstDash val="solid"/></a:ln></c:spPr><c:invertIfNegative val="0"/><c:cat><c:strLit><c:ptCount val="12"/><c:pt idx="0"><c:v>Janeiro</c:v></c:pt><c:pt idx="1"><c:v>Fevereiro</c:v></c:pt><c:pt idx="2"><c:v>Março</c:v></c:pt><c:pt idx="3"><c:v>Abril</c:v></c:pt><c:pt idx="4"><c:v>Maio</c:v></c:pt><c:pt idx="5"><c:v>Junho</c:v></c:pt><c:pt idx="6"><c:v>Julho</c:v></c:pt><c:pt idx="7"><c:v>Agosto</c:v></c:pt><c:pt idx="8"><c:v>Setembro</c:v></c:pt><c:pt idx="9"><c:v>Outubro</c:v></c:pt><c:pt idx="10"><c:v>Novembro</c:v></c:pt><c:pt idx="11"><c:v>Dezembro</c:v></c:pt></c:strLit></c:cat><c:val><c:numLit><c:formatCode>General</c:formatCode><c:ptCount val="12"/><c:pt idx="0"><c:v>6989725.0557272704</c:v></c:pt><c:pt idx="1"><c:v>7411382.8038014797</c:v></c:pt><c:pt idx="2"><c:v>7350794.8744211504</c:v></c:pt><c:pt idx="3"><c:v>7282572.8036308</c:v></c:pt><c:pt idx="4"><c:v>7517881.6442133598</c:v></c:pt><c:pt idx="5"><c:v>7788442.85958998</c:v></c:pt><c:pt idx="6"><c:v>7491659.1407680903</c:v></c:pt><c:pt idx="7"><c:v>7906210.4065473098</c:v></c:pt><c:pt idx="8"><c:v>7522385.0823116899</c:v></c:pt><c:pt idx="9"><c:v>7686804.2911725398</c:v></c:pt><c:pt idx="10"><c:v>7601392.6536753196</c:v></c:pt><c:pt idx="11"><c:v>7380667.2299035303</c:v></c:pt></c:numLit></c:val><c:extLst><c:ext uri="{C3380CC4-5D6E-409C-BE32-E72D297353CC}" xmlns:c16="http://schemas.microsoft.com/office/drawing/2014/chart"><c16:uniqueId val="{00000000-A769-4333-BC63-996735DE2291}"/></c:ext></c:extLst></c:ser><c:ser><c:idx val="1"/><c:order val="1"/><c:tx><c:v>2001</c:v></c:tx><c:spPr><a:solidFill><a:srgbClr val="993366"/></a:solidFill><a:ln w="12700"><a:solidFill><a:srgbClr val="000000"/></a:solidFill><a:prstDash val="solid"/></a:ln></c:spPr><c:invertIfNegative val="0"/><c:cat><c:strLit><c:ptCount val="12"/><c:pt idx="0"><c:v>Janeiro</c:v></c:pt><c:pt idx="1"><c:v>Fevereiro</c:v></c:pt><c:pt idx="2"><c:v>Março</c:v></c:pt><c:pt idx="3"><c:v>Abril</c:v></c:pt><c:pt idx="4"><c:v>Maio</c:v></c:pt><c:pt idx="5"><c:v>Junho</c:v></c:pt><c:pt idx="6"><c:v>Julho</c:v></c:pt><c:pt idx="7"><c:v>Agosto</c:v></c:pt><c:pt idx="8"><c:v>Setembro</c:v></c:pt><c:pt idx="9"><c:v>Outubro</c:v></c:pt><c:pt idx="10"><c:v>Novembro</c:v></c:pt><c:pt idx="11"><c:v>Dezembro</c:v></c:pt></c:strLit></c:cat><c:val><c:numLit><c:formatCode>General</c:formatCode><c:ptCount val="12"/><c:pt idx="0"><c:v>7180755.2584916502</c:v></c:pt><c:pt idx="1"><c:v>6548589.6750426805</c:v></c:pt><c:pt idx="2"><c:v>7655263.0662541697</c:v></c:pt><c:pt idx="3"><c:v>7228914.3981113201</c:v></c:pt><c:pt idx="4"><c:v>7611895.7195157697</c:v></c:pt><c:pt idx="5"><c:v>7657813.9934063097</c:v></c:pt><c:pt idx="6"><c:v>7630442.0301948097</c:v></c:pt><c:pt idx="7"><c:v>8003567.96555473</c:v></c:pt><c:pt idx="8"><c:v>7500608.8746270901</c:v></c:pt><c:pt idx="9"><c:v>7952202.5229313597</c:v></c:pt><c:pt idx="10"><c:v>7453943.8814211497</c:v></c:pt><c:pt idx="11"><c:v>7200701.0513692098</c:v></c:pt></c:numLit></c:val><c:extLst><c:ext uri="{C3380CC4-5D6E-409C-BE32-E72D297353CC}" xmlns:c16="http://schemas.microsoft.com/office/drawing/2014/chart"><c16:uniqueId val="{00000001-A769-4333-BC63-996735DE2291}"/></c:ext></c:extLst></c:ser><c:ser><c:idx val="2"/><c:order val="2"/><c:tx><c:v>2002</c:v></c:tx><c:spPr><a:solidFill><a:srgbClr val="FFFFCC"/></a:solidFill><a:ln w="12700"><a:solidFill><a:srgbClr val="000000"/></a:solidFill><a:prstDash val="solid"/></a:ln></c:spPr><c:invertIfNegative val="0"/><c:cat><c:strLit><c:ptCount val="12"/><c:pt idx="0"><c:v>Janeiro</c:v></c:pt><c:pt idx="1"><c:v>Fevereiro</c:v></c:pt><c:pt idx="2"><c:v>Março</c:v></c:pt><c:pt idx="3"><c:v>Abril</c:v></c:pt><c:pt idx="4"><c:v>Maio</c:v></c:pt><c:pt idx="5"><c:v>Junho</c:v></c:pt><c:pt idx="6"><c:v>Julho</c:v></c:pt><c:pt idx="7"><c:v>Agosto</c:v></c:pt><c:pt idx="8"><c:v>Setembro</c:v></c:pt><c:pt idx="9"><c:v>Outubro</c:v></c:pt><c:pt idx="10"><c:v>Novembro</c:v></c:pt><c:pt idx="11"><c:v>Dezembro</c:v></c:pt></c:strLit></c:cat><c:val><c:numLit><c:formatCode>General</c:formatCode><c:ptCount val="12"/><c:pt idx="0"><c:v>7196582.65419666</c:v></c:pt><c:pt idx="1"><c:v>6655637.4704044499</c:v></c:pt><c:pt idx="2"><c:v>7480152.9407031499</c:v></c:pt><c:pt idx="3"><c:v>7314484.5699183699</c:v></c:pt><c:pt idx="4"><c:v>7475772.6816307995</c:v></c:pt><c:pt idx="5"><c:v>7072254.69313173</c:v></c:pt><c:pt idx="6"><c:v>7537209.1728033395</c:v></c:pt><c:pt idx="7"><c:v>7541354.6796994396</c:v></c:pt><c:pt idx="8"><c:v>7523605.6649573296</c:v></c:pt><c:pt idx="9"><c:v>8243983.3627551002</c:v></c:pt><c:pt idx="10"><c:v>7153780.7847959204</c:v></c:pt><c:pt idx="11"><c:v>7301918.3044582596</c:v></c:pt></c:numLit></c:val><c:extLst><c:ext uri="{C3380CC4-5D6E-409C-BE32-E72D297353CC}" xmlns:c16="http://schemas.microsoft.com/office/drawing/2014/chart"><c16:uniqueId val="{00000002-A769-4333-BC63-996735DE2291}"/></c:ext></c:extLst></c:ser><c:ser><c:idx val="3"/><c:order val="3"/><c:tx><c:v>2003</c:v></c:tx><c:spPr><a:solidFill><a:srgbClr val="00FF00"/></a:solidFill><a:ln w="12700"><a:solidFill><a:srgbClr val="000000"/></a:solidFill><a:prstDash val="solid"/></a:ln></c:spPr><c:invertIfNegative val="0"/><c:cat><c:strLit><c:ptCount val="12"/><c:pt idx="0"><c:v>Janeiro</c:v></c:pt><c:pt idx="1"><c:v>Fevereiro</c:v></c:pt><c:pt idx="2"><c:v>Março</c:v></c:pt><c:pt idx="3"><c:v>Abril</c:v></c:pt><c:pt idx="4"><c:v>Maio</c:v></c:pt><c:pt idx="5"><c:v>Junho</c:v></c:pt><c:pt idx="6"><c:v>Julho</c:v></c:pt><c:pt idx="7"><c:v>Agosto</c:v></c:pt><c:pt idx="8"><c:v>Setembro</c:v></c:pt><c:pt idx="9"><c:v>Outubro</c:v></c:pt><c:pt idx="10"><c:v>Novembro</c:v></c:pt><c:pt idx="11"><c:v>Dezembro</c:v></c:pt></c:strLit></c:cat><c:val><c:numLit><c:formatCode>General</c:formatCode><c:ptCount val="12"/><c:pt idx="0"><c:v>6688221.5205862699</c:v></c:pt><c:pt idx="1"><c:v>6294697.9863951802</c:v></c:pt><c:pt idx="2"><c:v>6414784.7841020403</c:v></c:pt><c:pt idx="3"><c:v>6637099.3091799598</c:v></c:pt><c:pt idx="4"><c:v>7064182.7305194801</c:v></c:pt><c:pt idx="5"><c:v>6636083.2849295</c:v></c:pt><c:pt idx="6"><c:v>7351963.9556011101</c:v></c:pt><c:pt idx="7"><c:v>7131433.3941985201</c:v></c:pt><c:pt idx="8"><c:v>7308318.7447161498</c:v></c:pt><c:pt idx="9"><c:v>7718482.4507142901</c:v></c:pt><c:pt idx="10"><c:v>6954097.1096048299</c:v></c:pt><c:pt idx="11"><c:v>7534997.9089443497</c:v></c:pt></c:numLit></c:val><c:extLst><c:ext uri="{C3380CC4-5D6E-409C-BE32-E72D297353CC}" xmlns:c16="http://schemas.microsoft.com/office/drawing/2014/chart"><c16:uniqueId val="{00000003-A769-4333-BC63-996735DE2291}"/></c:ext></c:extLst></c:ser><c:ser><c:idx val="4"/><c:order val="4"/><c:tx><c:v>2004</c:v></c:tx><c:spPr><a:solidFill><a:srgbClr val="FF0000"/></a:solidFill><a:ln w="12700"><a:solidFill><a:srgbClr val="000000"/></a:solidFill><a:prstDash val="solid"/></a:ln></c:spPr><c:invertIfNegative val="0"/><c:cat><c:strLit><c:ptCount val="12"/><c:pt idx="0"><c:v>Janeiro</c:v></c:pt><c:pt idx="1"><c:v>Fevereiro</c:v></c:pt><c:pt idx="2"><c:v>Março</c:v></c:pt><c:pt idx="3"><c:v>Abril</c:v></c:pt><c:pt idx="4"><c:v>Maio</c:v></c:pt><c:pt idx="5"><c:v>Junho</c:v></c:pt><c:pt idx="6"><c:v>Julho</c:v></c:pt><c:pt idx="7"><c:v>Agosto</c:v></c:pt><c:pt idx="8"><c:v>Setembro</c:v></c:pt><c:pt idx="9"><c:v>Outubro</c:v></c:pt><c:pt idx="10"><c:v>Novembro</c:v></c:pt><c:pt idx="11"><c:v>Dezembro</c:v></c:pt></c:strLit></c:cat><c:val><c:numLit><c:formatCode>General</c:formatCode><c:ptCount val="12"/><c:pt idx="0"><c:v>6770295.1626753202</c:v></c:pt><c:pt idx="1"><c:v>6362190.6137643801</c:v></c:pt><c:pt idx="2"><c:v>7587215.3109090896</c:v></c:pt><c:pt idx="3"><c:v>7362965.4662022302</c:v></c:pt><c:pt idx="4"><c:v>7065017.1890111296</c:v></c:pt><c:pt idx="5"><c:v>7227510.0755046401</c:v></c:pt><c:pt idx="6"><c:v>7738421.6018051896</c:v></c:pt><c:pt idx="7"><c:v>7757804.8451447096</c:v></c:pt><c:pt idx="8"><c:v>7739155.9095807001</c:v></c:pt><c:pt idx="9"><c:v>7595616.53105566</c:v></c:pt><c:pt idx="10"><c:v>7428138.36097774</c:v></c:pt><c:pt idx="11"><c:v>7785470.6756085297</c:v></c:pt></c:numLit></c:val><c:extLst><c:ext uri="{C3380CC4-5D6E-409C-BE32-E72D297353CC}" xmlns:c16="http://schemas.microsoft.com/office/drawing/2014/chart"><c16:uniqueId val="{00000004-A769-4333-BC63-996735DE2291}"/></c:ext></c:extLst></c:ser><c:ser><c:idx val="5"/><c:order val="5"/><c:tx><c:v>2005</c:v></c:tx><c:spPr><a:solidFill><a:srgbClr val="FF8080"/></a:solidFill><a:ln w="12700"><a:solidFill><a:srgbClr val="000000"/></a:solidFill><a:prstDash val="solid"/></a:ln></c:spPr><c:invertIfNegative val="0"/><c:cat><c:strLit><c:ptCount val="12"/><c:pt idx="0"><c:v>Janeiro</c:v></c:pt><c:pt idx="1"><c:v>Fevereiro</c:v></c:pt><c:pt idx="2"><c:v>Março</c:v></c:pt><c:pt idx="3"><c:v>Abril</c:v></c:pt><c:pt idx="4"><c:v>Maio</c:v></c:pt><c:pt idx="5"><c:v>Junho</c:v></c:pt><c:pt idx="6"><c:v>Julho</c:v></c:pt><c:pt idx="7"><c:v>Agosto</c:v></c:pt><c:pt idx="8"><c:v>Setembro</c:v></c:pt><c:pt idx="9"><c:v>Outubro</c:v></c:pt><c:pt idx="10"><c:v>Novembro</c:v></c:pt><c:pt idx="11"><c:v>Dezembro</c:v></c:pt></c:strLit></c:cat><c:val><c:numLit><c:formatCode>General</c:formatCode><c:ptCount val="12"/><c:pt idx="0"><c:v>6709517.0329424897</c:v></c:pt><c:pt idx="1"><c:v>6597881.44030427</c:v></c:pt><c:pt idx="2"><c:v>7604798.3146141004</c:v></c:pt><c:pt idx="3"><c:v>7243180.3217532402</c:v></c:pt><c:pt idx="4"><c:v>7300532.11714656</c:v></c:pt><c:pt idx="5"><c:v>7475038.8895936897</c:v></c:pt><c:pt idx="6"><c:v>7492138.94971429</c:v></c:pt><c:pt idx="7"><c:v>8042449.1567365499</c:v></c:pt><c:pt idx="8"><c:v>7720371.6332931304</c:v></c:pt><c:pt idx="9"><c:v>7386627.6566029703</c:v></c:pt><c:pt idx="10"><c:v>7467977.1067476803</c:v></c:pt><c:pt idx="11"><c:v>7766879.0155788502</c:v></c:pt></c:numLit></c:val><c:extLst><c:ext uri="{C3380CC4-5D6E-409C-BE32-E72D297353CC}" xmlns:c16="http://schemas.microsoft.com/office/drawing/2014/chart"><c16:uniqueId val="{00000005-A769-4333-BC63-996735DE2291}"/></c:ext></c:extLst></c:ser><c:ser><c:idx val="6"/><c:order val="6"/><c:tx><c:v>2006</c:v></c:tx><c:spPr><a:solidFill><a:srgbClr val="0066CC"/></a:solidFill><a:ln w="12700"><a:solidFill><a:srgbClr val="000000"/></a:solidFill><a:prstDash val="solid"/></a:ln></c:spPr><c:invertIfNegative val="0"/><c:cat><c:strLit><c:ptCount val="12"/><c:pt idx="0"><c:v>Janeiro</c:v></c:pt><c:pt idx="1"><c:v>Fevereiro</c:v></c:pt><c:pt idx="2"><c:v>Março</c:v></c:pt><c:pt idx="3"><c:v>Abril</c:v></c:pt><c:pt idx="4"><c:v>Maio</c:v></c:pt><c:pt idx="5"><c:v>Junho</c:v></c:pt><c:pt idx="6"><c:v>Julho</c:v></c:pt><c:pt idx="7"><c:v>Agosto</c:v></c:pt><c:pt idx="8"><c:v>Setembro</c:v></c:pt><c:pt idx="9"><c:v>Outubro</c:v></c:pt><c:pt idx="10"><c:v>Novembro</c:v></c:pt><c:pt idx="11"><c:v>Dezembro</c:v></c:pt></c:strLit></c:cat><c:val><c:numLit><c:formatCode>General</c:formatCode><c:ptCount val="12"/><c:pt idx="0"><c:v>7050201.9787087198</c:v></c:pt><c:pt idx="1"><c:v>6733218.0995640103</c:v></c:pt><c:pt idx="2"><c:v>7713759.9717959203</c:v></c:pt><c:pt idx="3"><c:v>7057554.44196661</c:v></c:pt><c:pt idx="4"><c:v>7575074.9039350599</c:v></c:pt><c:pt idx="5"><c:v>7432494.02218924</c:v></c:pt><c:pt idx="6"><c:v>7539416.59433024</c:v></c:pt><c:pt idx="7"><c:v>8036490.5749944299</c:v></c:pt><c:pt idx="8"><c:v>7892381.8982523195</c:v></c:pt><c:pt idx="9"><c:v>7980417.6822912795</c:v></c:pt><c:pt idx="10"><c:v>7772892.7838998204</c:v></c:pt><c:pt idx="11"><c:v>7888891.0198293095</c:v></c:pt></c:numLit></c:val><c:extLst><c:ext uri="{C3380CC4-5D6E-409C-BE32-E72D297353CC}" xmlns:c16="http://schemas.microsoft.com/office/drawing/2014/chart"><c16:uniqueId val="{00000006-A769-4333-BC63-996735DE2291}"/></c:ext></c:extLst></c:ser><c:ser><c:idx val="7"/><c:order val="7"/><c:tx><c:v>2007</c:v></c:tx><c:spPr><a:solidFill><a:srgbClr val="CCCCFF"/></a:solidFill><a:ln w="12700"><a:solidFill><a:srgbClr val="000000"/></a:solidFill><a:prstDash val="solid"/></a:ln></c:spPr><c:invertIfNegative val="0"/><c:cat><c:strLit><c:ptCount val="12"/><c:pt idx="0"><c:v>Janeiro</c:v></c:pt><c:pt idx="1"><c:v>Fevereiro</c:v></c:pt><c:pt idx="2"><c:v>Março</c:v></c:pt><c:pt idx="3"><c:v>Abril</c:v></c:pt><c:pt idx="4"><c:v>Maio</c:v></c:pt><c:pt idx="5"><c:v>Junho</c:v></c:pt><c:pt idx="6"><c:v>Julho</c:v></c:pt><c:pt idx="7"><c:v>Agosto</c:v></c:pt><c:pt idx="8"><c:v>Setembro</c:v></c:pt><c:pt idx="9"><c:v>Outubro</c:v></c:pt><c:pt idx="10"><c:v>Novembro</c:v></c:pt><c:pt idx="11"><c:v>Dezembro</c:v></c:pt></c:strLit></c:cat><c:val><c:numLit><c:formatCode>General</c:formatCode><c:ptCount val="12"/><c:pt idx="0"><c:v>7464088.6396521702</c:v></c:pt><c:pt idx="1"><c:v>7064619.0583623201</c:v></c:pt><c:pt idx="2"><c:v>8294734.2445507301</c:v></c:pt><c:pt idx="3"><c:v>7592565.7383333296</c:v></c:pt><c:pt idx="4"><c:v>8016587.0410000002</c:v></c:pt><c:pt idx="5"><c:v>8049008.7234782605</c:v></c:pt><c:pt idx="6"><c:v>8197337.4553623199</c:v></c:pt><c:pt idx="7"><c:v>8742392.4295217395</c:v></c:pt><c:pt idx="8"><c:v>8119217.5850869603</c:v></c:pt><c:pt idx="9"><c:v>9011826.2846956607</c:v></c:pt><c:pt idx="10"><c:v>8559802.9718260895</c:v></c:pt><c:pt idx="11"><c:v>8561293.3732898608</c:v></c:pt></c:numLit></c:val><c:extLst><c:ext uri="{C3380CC4-5D6E-409C-BE32-E72D297353CC}" xmlns:c16="http://schemas.microsoft.com/office/drawing/2014/chart"><c16:uniqueId val="{00000007-A769-4333-BC63-996735DE2291}"/></c:ext></c:extLst></c:ser><c:ser><c:idx val="8"/><c:order val="8"/><c:tx><c:v>2008</c:v></c:tx><c:spPr><a:solidFill><a:srgbClr val="000080"/></a:solidFill><a:ln w="12700"><a:solidFill><a:srgbClr val="000000"/></a:solidFill><a:prstDash val="solid"/></a:ln></c:spPr><c:invertIfNegative val="0"/><c:val><c:numRef><c:f>Plan1!$K$54:$K$65</c:f><c:numCache><c:formatCode>_(* #,##0_);_(* \(#,##0\);_(* "-"??_);_(@_)</c:formatCode><c:ptCount val="12"/><c:pt idx="0"><c:v>8256555.6828695675</c:v></c:pt><c:pt idx="1"><c:v>8048319.75489855</c:v></c:pt><c:pt idx="2"><c:v>8604527.0898985509</c:v></c:pt><c:pt idx="3"><c:v>8706377.8456666637</c:v></c:pt><c:pt idx="4"><c:v>8760641.6817971021</c:v></c:pt><c:pt idx="5"><c:v>8798585.9306956548</c:v></c:pt><c:pt idx="6"><c:v>9168208.6767188385</c:v></c:pt><c:pt idx="7"><c:v>9051563.5681159478</c:v></c:pt><c:pt idx="8"><c:v>9368012.3714927528</c:v></c:pt><c:pt idx="9"><c:v>9550067.0642318819</c:v></c:pt><c:pt idx="10"><c:v>8562936.6286811586</c:v></c:pt><c:pt idx="11"><c:v>9096716.6120869592</c:v></c:pt></c:numCache></c:numRef></c:val><c:extLst><c:ext uri="{C3380CC4-5D6E-409C-BE32-E72D297353CC}" xmlns:c16="http://schemas.microsoft.com/office/drawing/2014/chart"><c16:uniqueId val="{00000008-A769-4333-BC63-996735DE2291}"/></c:ext></c:extLst></c:ser><c:ser><c:idx val="9"/><c:order val="9"/><c:tx><c:strRef><c:f>Plan1!$L$53</c:f><c:strCache><c:ptCount val="1"/><c:pt idx="0"><c:v>2009</c:v></c:pt></c:strCache></c:strRef></c:tx><c:invertIfNegative val="0"/><c:val><c:numRef><c:f>Plan1!$L$54:$L$65</c:f><c:numCache><c:formatCode>_(* #,##0_);_(* \(#,##0\);_(* "-"??_);_(@_)</c:formatCode><c:ptCount val="12"/><c:pt idx="0"><c:v>8215630.4441449204</c:v></c:pt><c:pt idx="1"><c:v>7840032.8122753641</c:v></c:pt><c:pt idx="2"><c:v>8870255.1576521732</c:v></c:pt><c:pt idx="3"><c:v>8897816.5802753605</c:v></c:pt><c:pt idx="4"><c:v>8639588.9879275355</c:v></c:pt><c:pt idx="5"><c:v>8990696.5226811618</c:v></c:pt><c:pt idx="6"><c:v>9506493.6056521703</c:v></c:pt><c:pt idx="7"><c:v>9242321.0816376805</c:v></c:pt><c:pt idx="8"><c:v>9481387.2423478216</c:v></c:pt><c:pt idx="9"><c:v>10055110.924999999</c:v></c:pt><c:pt idx="10"><c:v>9141252.1633333266</c:v></c:pt><c:pt idx="11"><c:v>9922268.258565221</c:v></c:pt></c:numCache></c:numRef></c:val><c:extLst><c:ext uri="{C3380CC4-5D6E-409C-BE32-E72D297353CC}" xmlns:c16="http://schemas.microsoft.com/office/drawing/2014/chart"><c16:uniqueId val="{00000009-A769-4333-BC63-996735DE2291}"/></c:ext></c:extLst></c:ser><c:ser><c:idx val="10"/><c:order val="10"/><c:tx><c:v>2010</c:v></c:tx><c:invertIfNegative val="0"/><c:val><c:numRef><c:f>Plan1!$M$54:$M$65</c:f><c:numCache><c:formatCode>_(* #,##0_);_(* \(#,##0\);_(* "-"??_);_(@_)</c:formatCode><c:ptCount val="12"/><c:pt idx="0"><c:v>8633753.1015942041</c:v></c:pt><c:pt idx="1"><c:v>8481647.3004782591</c:v></c:pt><c:pt idx="2"><c:v>10047228.492637677</c:v></c:pt><c:pt idx="3"><c:v>9544461.3028405719</c:v></c:pt><c:pt idx="4"><c:v>9733818.2510144915</c:v></c:pt><c:pt idx="5"><c:v>9830120.1308695693</c:v></c:pt><c:pt idx="6"><c:v>10307741.175130432</c:v></c:pt><c:pt idx="7"><c:v>10387643.436550727</c:v></c:pt><c:pt idx="8"><c:v>10248554.004985511</c:v></c:pt><c:pt idx="9"><c:v>10205460.486347819</c:v></c:pt><c:pt idx="10"><c:v>10051864.124391302</c:v></c:pt><c:pt idx="11"><c:v>10479532.620550727</c:v></c:pt></c:numCache></c:numRef></c:val><c:extLst><c:ext uri="{C3380CC4-5D6E-409C-BE32-E72D297353CC}" xmlns:c16="http://schemas.microsoft.com/office/drawing/2014/chart"><c16:uniqueId val="{0000000A-A769-4333-BC63-996735DE2291}"/></c:ext></c:extLst></c:ser><c:ser><c:idx val="11"/><c:order val="11"/><c:tx><c:v>2011</c:v></c:tx><c:invertIfNegative val="0"/><c:val><c:numRef><c:f>Plan1!$N$54:$N$65</c:f><c:numCache><c:formatCode>_(* #,##0_);_(* \(#,##0\);_(* "-"??_);_(@_)</c:formatCode><c:ptCount val="12"/><c:pt idx="0"><c:v>9110855.31378261</c:v></c:pt><c:pt idx="1"><c:v>9262542.1273768079</c:v></c:pt><c:pt idx="2"><c:v>10148732.482681163</c:v></c:pt><c:pt idx="3"><c:v>9656896.7507536262</c:v></c:pt><c:pt idx="4"><c:v>10158049.542434784</c:v></c:pt><c:pt idx="5"><c:v>10184502.858159425</c:v></c:pt><c:pt idx="6"><c:v>10360738.068275359</c:v></c:pt><c:pt idx="7"><c:v>10979440.608000001</c:v></c:pt><c:pt idx="8"><c:v>10692546.169492748</c:v></c:pt><c:pt idx="9"><c:v>10519426.955637686</c:v></c:pt><c:pt idx="10"><c:v>10403944.990913048</c:v></c:pt><c:pt idx="11"><c:v>10756126.761869568</c:v></c:pt></c:numCache></c:numRef></c:val><c:extLst><c:ext uri="{C3380CC4-5D6E-409C-BE32-E72D297353CC}" xmlns:c16="http://schemas.microsoft.com/office/drawing/2014/chart"><c16:uniqueId val="{0000000B-A769-4333-BC63-996735DE2291}"/></c:ext></c:extLst></c:ser><c:ser><c:idx val="12"/><c:order val="12"/><c:tx><c:strRef><c:f>Plan1!$O$53</c:f><c:strCache><c:ptCount val="1"/><c:pt idx="0"><c:v>2012</c:v></c:pt></c:strCache></c:strRef></c:tx><c:invertIfNegative val="0"/><c:val><c:numRef><c:f>Plan1!$O$54:$O$65</c:f><c:numCache><c:formatCode>_(* #,##0_);_(* \(#,##0\);_(* "-"??_);_(@_)</c:formatCode><c:ptCount val="12"/><c:pt idx="0"><c:v>9708937.3323478214</c:v></c:pt><c:pt idx="1"><c:v>9877026.7115217336</c:v></c:pt><c:pt idx="2"><c:v>10929435.863101447</c:v></c:pt><c:pt idx="3"><c:v>10186467.3434058</c:v></c:pt><c:pt idx="4"><c:v>10775104.217666661</c:v></c:pt><c:pt idx="5"><c:v>10506639.263565216</c:v></c:pt><c:pt idx="6"><c:v>10882147.833260873</c:v></c:pt><c:pt idx="7"><c:v>11592307.125695659</c:v></c:pt><c:pt idx="8"><c:v>10717877.034521742</c:v></c:pt><c:pt idx="9"><c:v>11858855.586623179</c:v></c:pt><c:pt idx="10"><c:v>11382002.781652177</c:v></c:pt><c:pt idx="11"><c:v>11271877.266246369</c:v></c:pt></c:numCache></c:numRef></c:val><c:extLst><c:ext uri="{C3380CC4-5D6E-409C-BE32-E72D297353CC}" xmlns:c16="http://schemas.microsoft.com/office/drawing/2014/chart"><c16:uniqueId val="{0000000C-A769-4333-BC63-996735DE2291}"/></c:ext></c:extLst></c:ser><c:ser><c:idx val="13"/><c:order val="13"/><c:tx><c:strRef><c:f>Plan1!$P$53</c:f><c:strCache><c:ptCount val="1"/><c:pt idx="0"><c:v>2013</c:v></c:pt></c:strCache></c:strRef></c:tx><c:invertIfNegative val="0"/><c:val><c:numRef><c:f>Plan1!$P$54:$P$65</c:f><c:numCache><c:formatCode>_(* #,##0_);_(* \(#,##0\);_(* "-"??_);_(@_)</c:formatCode><c:ptCount val="12"/><c:pt idx="0"><c:v>10931208.28049276</c:v></c:pt><c:pt idx="1"><c:v>10117862.393246375</c:v></c:pt><c:pt idx="2"><c:v>11053520.243811583</c:v></c:pt><c:pt idx="3"><c:v>11377920.918985512</c:v></c:pt><c:pt idx="4"><c:v>11503971.874130433</c:v></c:pt><c:pt idx="5"><c:v>11035208.483028976</c:v></c:pt><c:pt idx="6"><c:v>11691185.289492747</c:v></c:pt><c:pt idx="7"><c:v>12082456.475710148</c:v></c:pt><c:pt idx="8"><c:v>11451924.970115941</c:v></c:pt><c:pt idx="9"><c:v>12466573.999652172</c:v></c:pt><c:pt idx="10"><c:v>11911867.949768115</c:v></c:pt><c:pt idx="11"><c:v>11708206.545724634</c:v></c:pt></c:numCache></c:numRef></c:val><c:extLst><c:ext uri="{C3380CC4-5D6E-409C-BE32-E72D297353CC}" xmlns:c16="http://schemas.microsoft.com/office/drawing/2014/chart"><c16:uniqueId val="{0000000D-A769-4333-BC63-996735DE2291}"/></c:ext></c:extLst></c:ser><c:ser><c:idx val="15"/><c:order val="14"/><c:tx><c:v>2014</c:v></c:tx><c:invertIfNegative val="0"/><c:val><c:numRef><c:f>Plan1!$Q$54:$Q$65</c:f><c:numCache><c:formatCode>_(* #,##0_);_(* \(#,##0\);_(* "-"??_);_(@_)</c:formatCode><c:ptCount val="12"/><c:pt idx="0"><c:v>11429168.840057969</c:v></c:pt><c:pt idx="1"><c:v>11230844.799275365</c:v></c:pt><c:pt idx="2"><c:v>11521485.292927535</c:v></c:pt><c:pt idx="3"><c:v>11874577.209681161</c:v></c:pt><c:pt idx="4"><c:v>12132305.178478254</c:v></c:pt><c:pt idx="5"><c:v>11283405.267956519</c:v></c:pt><c:pt idx="6"><c:v>12215762.854710136</c:v></c:pt><c:pt idx="7"><c:v>12538268.942623185</c:v></c:pt><c:pt idx="8"><c:v>12592408.304608688</c:v></c:pt><c:pt idx="9"><c:v>13289592.493101453</c:v></c:pt><c:pt idx="10"><c:v>11838314.952652168</c:v></c:pt><c:pt idx="11"><c:v>12636639.384144928</c:v></c:pt></c:numCache></c:numRef></c:val><c:extLst><c:ext uri="{C3380CC4-5D6E-409C-BE32-E72D297353CC}" xmlns:c16="http://schemas.microsoft.com/office/drawing/2014/chart"><c16:uniqueId val="{0000000E-A769-4333-BC63-996735DE2291}"/></c:ext></c:extLst></c:ser><c:ser><c:idx val="14"/><c:order val="15"/><c:tx><c:strRef><c:f>Plan1!$R$53</c:f><c:strCache><c:ptCount val="1"/><c:pt idx="0"><c:v>2015</c:v></c:pt></c:strCache></c:strRef></c:tx><c:invertIfNegative val="0"/><c:val><c:numRef><c:f>Plan1!$R$54:$R$65</c:f><c:numCache><c:formatCode>_(* #,##0_);_(* \(#,##0\);_(* "-"??_);_(@_)</c:formatCode><c:ptCount val="12"/><c:pt idx="0"><c:v>12047932.427376809</c:v></c:pt><c:pt idx="1"><c:v>10490253.755014494</c:v></c:pt><c:pt idx="2"><c:v>12095848.153318837</c:v></c:pt><c:pt idx="3"><c:v>11767280.134985514</c:v></c:pt><c:pt idx="4"><c:v>11449770.753347831</c:v></c:pt><c:pt idx="5"><c:v>11867076.431463761</c:v></c:pt><c:pt idx="6"><c:v>12183784.337623198</c:v></c:pt><c:pt idx="7"><c:v>12046884.497014489</c:v></c:pt><c:pt idx="8"><c:v>11985710.196275366</c:v></c:pt><c:pt idx="9"><c:v>12526918.068550726</c:v></c:pt><c:pt idx="10"><c:v>11239850.46588405</c:v></c:pt><c:pt idx="11"><c:v>12115171.83004348</c:v></c:pt></c:numCache></c:numRef></c:val><c:extLst><c:ext uri="{C3380CC4-5D6E-409C-BE32-E72D297353CC}" xmlns:c16="http://schemas.microsoft.com/office/drawing/2014/chart"><c16:uniqueId val="{0000000F-A769-4333-BC63-996735DE2291}"/></c:ext></c:extLst></c:ser><c:ser><c:idx val="16"/><c:order val="16"/><c:tx><c:strRef><c:f>Plan1!$S$53</c:f><c:strCache><c:ptCount val="1"/><c:pt idx="0"><c:v>2016</c:v></c:pt></c:strCache></c:strRef></c:tx><c:invertIfNegative val="0"/><c:val><c:numRef><c:f>Plan1!$S$54:$S$65</c:f><c:numCache><c:formatCode>_(* #,##0_);_(* \(#,##0\);_(* "-"??_);_(@_)</c:formatCode><c:ptCount val="12"/><c:pt idx="0"><c:v>10514005.25915942</c:v></c:pt><c:pt idx="1"><c:v>10792682.102840584</c:v></c:pt><c:pt idx="2"><c:v>11601156.137217389</c:v></c:pt><c:pt idx="3"><c:v>11199688.801739128</c:v></c:pt><c:pt idx="4"><c:v>11195715.027434781</c:v></c:pt><c:pt idx="5"><c:v>11238238.734999992</c:v></c:pt><c:pt idx="6"><c:v>11414542.267985508</c:v></c:pt><c:pt idx="7"><c:v>11851855.954724638</c:v></c:pt><c:pt idx="8"><c:v>11644012.577753624</c:v></c:pt><c:pt idx="9"><c:v>11425057.587811599</c:v></c:pt><c:pt idx="10"><c:v>10982918.913739128</c:v></c:pt><c:pt idx="11"><c:v>11581780.440521738</c:v></c:pt></c:numCache></c:numRef></c:val><c:extLst><c:ext uri="{C3380CC4-5D6E-409C-BE32-E72D297353CC}" xmlns:c16="http://schemas.microsoft.com/office/drawing/2014/chart"><c16:uniqueId val="{00000010-A769-4333-BC63-996735DE2291}"/></c:ext></c:extLst></c:ser><c:ser><c:idx val="17"/><c:order val="17"/><c:tx><c:strRef><c:f>Plan1!$T$53</c:f><c:strCache><c:ptCount val="1"/><c:pt idx="0"><c:v>2017</c:v></c:pt></c:strCache></c:strRef></c:tx><c:invertIfNegative val="0"/><c:val><c:numRef><c:f>Plan1!$T$54:$T$65</c:f><c:numCache><c:formatCode>_(* #,##0_);_(* \(#,##0\);_(* "-"??_);_(@_)</c:formatCode><c:ptCount val="12"/><c:pt idx="0"><c:v>10428954.824289856</c:v></c:pt><c:pt idx="1"><c:v>10121262.499869568</c:v></c:pt><c:pt idx="2"><c:v>11853140.6834058</c:v></c:pt><c:pt idx="3"><c:v>10570124.140275352</c:v></c:pt><c:pt idx="4"><c:v>11374611.326014496</c:v></c:pt><c:pt idx="5"><c:v>11399227.665681159</c:v></c:pt><c:pt idx="6"><c:v>11617860.727739131</c:v></c:pt><c:pt idx="7"><c:v>12116749.232434785</c:v></c:pt><c:pt idx="8"><c:v>11732360.419956515</c:v></c:pt><c:pt idx="9"><c:v>11939679.960942032</c:v></c:pt><c:pt idx="10"><c:v>11419038.820768116</c:v></c:pt><c:pt idx="11"><c:v>11514810.522362314</c:v></c:pt></c:numCache></c:numRef></c:val><c:extLst><c:ext uri="{C3380CC4-5D6E-409C-BE32-E72D297353CC}" xmlns:c16="http://schemas.microsoft.com/office/drawing/2014/chart"><c16:uniqueId val="{00000011-A769-4333-BC63-996735DE2291}"/></c:ext></c:extLst></c:ser><c:ser><c:idx val="18"/><c:order val="18"/><c:tx><c:strRef><c:f>Plan1!$U$53</c:f><c:strCache><c:ptCount val="1"/><c:pt idx="0"><c:v>2018</c:v></c:pt></c:strCache></c:strRef></c:tx><c:invertIfNegative val="0"/><c:val><c:numRef><c:f>Plan1!$U$54:$U$65</c:f><c:numCache><c:formatCode>_(* #,##0_);_(* \(#,##0\);_(* "-"??_);_(@_)</c:formatCode><c:ptCount val="12"/><c:pt idx="0"><c:v>10803217.399231885</c:v></c:pt><c:pt idx="1"><c:v>10220520.134405799</c:v></c:pt><c:pt idx="2"><c:v>11724175.306275358</c:v></c:pt><c:pt idx="3"><c:v>11109721.460637687</c:v></c:pt><c:pt idx="4"><c:v>9901079.2537391279</c:v></c:pt><c:pt idx="5"><c:v>11645914.133463766</c:v></c:pt><c:pt idx="6"><c:v>11530423.034652181</c:v></c:pt><c:pt idx="7"><c:v>12373864.66289855</c:v></c:pt><c:pt idx="8"><c:v>11411721.251855062</c:v></c:pt><c:pt idx="9"><c:v>12073886.679855078</c:v></c:pt><c:pt idx="10"><c:v>11555668.420260869</c:v></c:pt><c:pt idx="11"><c:v>11806209.432202905</c:v></c:pt></c:numCache></c:numRef></c:val><c:extLst><c:ext uri="{C3380CC4-5D6E-409C-BE32-E72D297353CC}" xmlns:c16="http://schemas.microsoft.com/office/drawing/2014/chart"><c16:uniqueId val="{00000012-A769-4333-BC63-996735DE2291}"/></c:ext></c:extLst></c:ser><c:ser><c:idx val="19"/><c:order val="19"/><c:tx><c:strRef><c:f>Plan1!$V$53</c:f><c:strCache><c:ptCount val="1"/><c:pt idx="0"><c:v>2019</c:v></c:pt></c:strCache></c:strRef></c:tx><c:invertIfNegative val="0"/><c:val><c:numRef><c:f>Plan1!$V$54:$V$65</c:f><c:numCache><c:formatCode>_(* #,##0_);_(* \(#,##0\);_(* "-"??_);_(@_)</c:formatCode><c:ptCount val="12"/><c:pt idx="0"><c:v>11230327.968681164</c:v></c:pt><c:pt idx="1"><c:v>10802185.924463762</c:v></c:pt><c:pt idx="2"><c:v>11243409.656840581</c:v></c:pt><c:pt idx="3"><c:v>11477190.882260861</c:v></c:pt><c:pt idx="4"><c:v>11650921.994318839</c:v></c:pt><c:pt idx="5"><c:v>11073020.454565218</c:v></c:pt><c:pt idx="6"><c:v>12283089.972623186</c:v></c:pt><c:pt idx="7"><c:v>12326807.832608705</c:v></c:pt><c:pt idx="8"><c:v>11664500.105985498</c:v></c:pt><c:pt idx="9"><c:v>12695468.881362319</c:v></c:pt><c:pt idx="10"><c:v>11806467.578072462</c:v></c:pt><c:pt idx="11"><c:v>11881704.420913043</c:v></c:pt></c:numCache></c:numRef></c:val><c:extLst><c:ext uri="{C3380CC4-5D6E-409C-BE32-E72D297353CC}" xmlns:c16="http://schemas.microsoft.com/office/drawing/2014/chart"><c16:uniqueId val="{00000013-A769-4333-BC63-996735DE2291}"/></c:ext></c:extLst></c:ser><c:ser><c:idx val="20"/><c:order val="20"/><c:tx><c:v>2020</c:v></c:tx><c:invertIfNegative val="0"/><c:val><c:numRef><c:f>Plan1!$W$54:$W$65</c:f><c:numCache><c:formatCode>_(* #,##0_);_(* \(#,##0\);_(* "-"??_);_(@_)</c:formatCode><c:ptCount val="12"/><c:pt idx="0"><c:v>11338519.570666667</c:v></c:pt><c:pt idx="1"><c:v>11090440.936347825</c:v></c:pt><c:pt idx="2"><c:v>10645620.245260874</c:v></c:pt><c:pt idx="3"><c:v>8872672.355130434</c:v></c:pt><c:pt idx="4"><c:v>9497879.6450289842</c:v></c:pt><c:pt idx="5"><c:v>10181302.482869571</c:v></c:pt><c:pt idx="6"><c:v>11276882.422536233</c:v></c:pt><c:pt idx="7"><c:v>11208268.91117391</c:v></c:pt><c:pt idx="8"><c:v>11554429.28556522</c:v></c:pt></c:numCache></c:numRef></c:val><c:extLst><c:ext uri="{C3380CC4-5D6E-409C-BE32-E72D297353CC}" xmlns:c16="http://schemas.microsoft.com/office/drawing/2014/chart"><c16:uniqueId val="{00000014-A769-4333-BC63-996735DE2291}"/></c:ext></c:extLst></c:ser><c:dLbls><c:showLegendKey val="0"/><c:showVal val="0"/><c:showCatName val="0"/><c:showSerName val="0"/><c:showPercent val="0"/><c:showBubbleSize val="0"/></c:dLbls><c:gapWidth val="150"/><c:axId val="501651296"/><c:axId val="1"/></c:barChart><c:catAx><c:axId val="501651296"/><c:scaling><c:orientation val="minMax"/></c:scaling><c:delete val="0"/><c:axPos val="b"/><c:title><c:tx><c:rich><a:bodyPr/><a:lstStyle/><a:p><a:pPr><a:defRPr sz="1200" b="1" i="0" u="none" strike="noStrike" baseline="0"><a:solidFill><a:srgbClr val="000000"/></a:solidFill><a:latin typeface="Arial"/><a:ea typeface="Arial"/><a:cs typeface="Arial"/></a:defRPr></a:pPr><a:r><a:rPr lang="pt-BR"/><a:t>Mês</a:t></a:r></a:p></c:rich></c:tx><c:layout><c:manualLayout><c:xMode val="edge"/><c:yMode val="edge"/><c:x val="0.52869564667212898"/><c:y val="0.87732517926574316"/></c:manualLayout></c:layout><c:overlay val="0"/><c:spPr><a:noFill/><a:ln w="25400"><a:noFill/></a:ln></c:spPr></c:title><c:numFmt formatCode="General" sourceLinked="1"/><c:majorTickMark val="out"/><c:minorTickMark val="none"/><c:tickLblPos val="nextTo"/><c:spPr><a:ln w="3175"><a:solidFill><a:srgbClr val="000000"/></a:solidFill><a:prstDash val="solid"/></a:ln></c:spPr><c:txPr><a:bodyPr rot="-2700000" vert="horz"/><a:lstStyle/><a:p><a:pPr><a:defRPr sz="800" b="0" i="0" u="none" strike="noStrike" baseline="0"><a:solidFill><a:srgbClr val="000000"/></a:solidFill><a:latin typeface="Arial"/><a:ea typeface="Arial"/><a:cs typeface="Arial"/></a:defRPr></a:pPr><a:endParaRPr lang="pt-BR"/></a:p></c:txPr><c:crossAx val="1"/><c:crosses val="autoZero"/><c:auto val="1"/><c:lblAlgn val="ctr"/><c:lblOffset val="100"/><c:tickLblSkip val="1"/><c:tickMarkSkip val="1"/><c:noMultiLvlLbl val="0"/></c:catAx><c:valAx><c:axId val="1"/><c:scaling><c:orientation val="minMax"/></c:scaling><c:delete val="0"/><c:axPos val="l"/><c:majorGridlines><c:spPr><a:ln w="3175"><a:solidFill><a:srgbClr val="000000"/></a:solidFill><a:prstDash val="solid"/></a:ln></c:spPr></c:majorGridlines><c:title><c:tx><c:rich><a:bodyPr/><a:lstStyle/><a:p><a:pPr><a:defRPr sz="1100" b="0" i="0" u="none" strike="noStrike" baseline="0"><a:solidFill><a:srgbClr val="000000"/></a:solidFill><a:latin typeface="Calibri"/><a:ea typeface="Calibri"/><a:cs typeface="Calibri"/></a:defRPr></a:pPr><a:r><a:rPr lang="pt-BR" sz="1200" b="1" i="0" u="none" strike="noStrike" baseline="0"><a:solidFill><a:srgbClr val="000000"/></a:solidFill><a:latin typeface="Arial"/><a:cs typeface="Arial"/></a:rPr><a:t>m</a:t></a:r><a:r><a:rPr lang="pt-BR" sz="1200" b="1" i="0" u="none" strike="noStrike" baseline="30000"><a:solidFill><a:srgbClr val="000000"/></a:solidFill><a:latin typeface="Arial"/><a:cs typeface="Arial"/></a:rPr><a:t>3</a:t></a:r></a:p></c:rich></c:tx><c:layout><c:manualLayout><c:xMode val="edge"/><c:yMode val="edge"/><c:x val="8.6956466721290204E-3"/><c:y val="0.39033508528555516"/></c:manualLayout></c:layout><c:overlay val="0"/><c:spPr><a:noFill/><a:ln w="25400"><a:noFill/></a:ln></c:spPr></c:title><c:numFmt formatCode="#,##0" sourceLinked="0"/><c:majorTickMark val="out"/><c:minorTickMark val="none"/><c:tickLblPos val="nextTo"/><c:spPr><a:ln w="3175"><a:solidFill><a:srgbClr val="000000"/></a:solidFill><a:prstDash val="solid"/></a:ln></c:spPr><c:txPr><a:bodyPr rot="0" vert="horz"/><a:lstStyle/><a:p><a:pPr><a:defRPr sz="925" b="0" i="0" u="none" strike="noStrike" baseline="0"><a:solidFill><a:srgbClr val="000000"/></a:solidFill><a:latin typeface="Arial"/><a:ea typeface="Arial"/><a:cs typeface="Arial"/></a:defRPr></a:pPr><a:endParaRPr lang="pt-BR"/></a:p></c:txPr><c:crossAx val="501651296"/><c:crosses val="autoZero"/><c:crossBetween val="between"/></c:valAx><c:spPr><a:solidFill><a:srgbClr val="FFFFFF"/></a:solidFill><a:ln w="12700"><a:solidFill><a:srgbClr val="808080"/></a:solidFill><a:prstDash val="solid"/></a:ln></c:spPr></c:plotArea><c:legend><c:legendPos val="r"/><c:layout><c:manualLayout><c:xMode val="edge"/><c:yMode val="edge"/><c:wMode val="edge"/><c:hMode val="edge"/><c:x val="0.1208740189115573"/><c:y val="4.7501611926300771E-2"/><c:w val="0.71960335713359247"/><c:h val="0.1250042007776323"/></c:manualLayout></c:layout><c:overlay val="0"/><c:spPr><a:solidFill><a:srgbClr val="FFFFFF"/></a:solidFill><a:ln w="3175"><a:solidFill><a:srgbClr val="000000"/></a:solidFill><a:prstDash val="solid"/></a:ln></c:spPr><c:txPr><a:bodyPr/><a:lstStyle/><a:p><a:pPr><a:defRPr sz="920" b="0" i="0" u="none" strike="noStrike" baseline="0"><a:solidFill><a:srgbClr val="000000"/></a:solidFill><a:latin typeface="Arial"/><a:ea typeface="Arial"/><a:cs typeface="Arial"/></a:defRPr></a:pPr><a:endParaRPr lang="pt-BR"/></a:p></c:txPr></c:legend><c:plotVisOnly val="1"/><c:dispBlanksAs val="gap"/><c:showDLblsOverMax val="0"/></c:chart><c:spPr><a:solidFill><a:srgbClr val="C0C0C0"/></a:solidFill><a:ln w="3175"><a:solidFill><a:srgbClr val="000000"/></a:solidFill><a:prstDash val="solid"/></a:ln></c:spPr><c:txPr><a:bodyPr/><a:lstStyle/><a:p><a:pPr><a:defRPr sz="1025" b="0" i="0" u="none" strike="noStrike" baseline="0"><a:solidFill><a:srgbClr val="000000"/></a:solidFill><a:latin typeface="Arial"/><a:ea typeface="Arial"/><a:cs typeface="Arial"/></a:defRPr></a:pPr><a:endParaRPr lang="pt-BR"/></a:p></c:txPr><c:printSettings><c:headerFooter alignWithMargins="0"/><c:pageMargins b="0.984251969" l="0.78740157499999996" r="0.78740157499999996" t="0.984251969" header="0.49212598499999999" footer="0.49212598499999999"/><c:pageSetup/></c:printSettings></c:chartSpace>