<?xml version="1.0" encoding="UTF-8" standalone="yes"?>
<c:chartSpace xmlns:c="http://schemas.openxmlformats.org/drawingml/2006/chart" xmlns:a="http://schemas.openxmlformats.org/drawingml/2006/main" xmlns:r="http://schemas.openxmlformats.org/officeDocument/2006/relationships" xmlns:c16r2="http://schemas.microsoft.com/office/drawing/2015/06/chart"><c:date1904 val="0"/><c:lang val="pt-BR"/><c:roundedCorners val="0"/><mc:AlternateContent xmlns:mc="http://schemas.openxmlformats.org/markup-compatibility/2006"><mc:Choice Requires="c14" xmlns:c14="http://schemas.microsoft.com/office/drawing/2007/8/2/chart"><c14:style val="102"/></mc:Choice><mc:Fallback><c:style val="2"/></mc:Fallback></mc:AlternateContent><c:chart><c:autoTitleDeleted val="0"/><c:plotArea><c:layout><c:manualLayout><c:layoutTarget val="inner"/><c:xMode val="edge"/><c:yMode val="edge"/><c:x val="7.6610180215668275E-2"/><c:y val="0.18215613382899634"/><c:w val="0.90266615924125349"/><c:h val="0.59786088025912654"/></c:manualLayout></c:layout><c:barChart><c:barDir val="col"/><c:grouping val="clustered"/><c:varyColors val="0"/><c:ser><c:idx val="13"/><c:order val="0"/><c:tx><c:strRef><c:f>Plan1!$C$133</c:f><c:strCache><c:ptCount val="1"/><c:pt idx="0"><c:v>2013</c:v></c:pt></c:strCache></c:strRef></c:tx><c:invertIfNegative val="0"/><c:cat><c:strRef><c:f>Plan1!$B$134:$B$145</c:f><c:strCache><c:ptCount val="12"/><c:pt idx="0"><c:v>Janeiro</c:v></c:pt><c:pt idx="1"><c:v>Fevereiro</c:v></c:pt><c:pt idx="2"><c:v>Março</c:v></c:pt><c:pt idx="3"><c:v>Abril</c:v></c:pt><c:pt idx="4"><c:v>Maio</c:v></c:pt><c:pt idx="5"><c:v>Junho</c:v></c:pt><c:pt idx="6"><c:v>Julho</c:v></c:pt><c:pt idx="7"><c:v>Agosto</c:v></c:pt><c:pt idx="8"><c:v>Setembro</c:v></c:pt><c:pt idx="9"><c:v>Outubro</c:v></c:pt><c:pt idx="10"><c:v>Novembro</c:v></c:pt><c:pt idx="11"><c:v>Dezembro</c:v></c:pt></c:strCache></c:strRef></c:cat><c:val><c:numRef><c:f>Plan1!$C$134:$C$145</c:f><c:numCache><c:formatCode>_(* #,##0_);_(* \(#,##0\);_(* "-"??_);_(@_)</c:formatCode><c:ptCount val="12"/><c:pt idx="0"><c:v>4456692.9900000012</c:v></c:pt><c:pt idx="1"><c:v>4276021.1119999988</c:v></c:pt><c:pt idx="2"><c:v>4696752.1669999994</c:v></c:pt><c:pt idx="3"><c:v>4943159.0370000023</c:v></c:pt><c:pt idx="4"><c:v>4928345.7890000008</c:v></c:pt><c:pt idx="5"><c:v>4708673.3839999987</c:v></c:pt><c:pt idx="6"><c:v>5119508.3110000035</c:v></c:pt><c:pt idx="7"><c:v>5369365.129999999</c:v></c:pt><c:pt idx="8"><c:v>5029822.6950000012</c:v></c:pt><c:pt idx="9"><c:v>5483350.453999999</c:v></c:pt><c:pt idx="10"><c:v>5091614.6420000009</c:v></c:pt><c:pt idx="11"><c:v>4469189.3730000034</c:v></c:pt></c:numCache></c:numRef></c:val><c:extLst><c:ext uri="{C3380CC4-5D6E-409C-BE32-E72D297353CC}" xmlns:c16="http://schemas.microsoft.com/office/drawing/2014/chart"><c16:uniqueId val="{00000000-285A-4835-94D0-F33A9AEC96AD}"/></c:ext></c:extLst></c:ser><c:ser><c:idx val="15"/><c:order val="1"/><c:tx><c:strRef><c:f>Plan1!$D$133</c:f><c:strCache><c:ptCount val="1"/><c:pt idx="0"><c:v>2014</c:v></c:pt></c:strCache></c:strRef></c:tx><c:invertIfNegative val="0"/><c:cat><c:strRef><c:f>Plan1!$B$134:$B$145</c:f><c:strCache><c:ptCount val="12"/><c:pt idx="0"><c:v>Janeiro</c:v></c:pt><c:pt idx="1"><c:v>Fevereiro</c:v></c:pt><c:pt idx="2"><c:v>Março</c:v></c:pt><c:pt idx="3"><c:v>Abril</c:v></c:pt><c:pt idx="4"><c:v>Maio</c:v></c:pt><c:pt idx="5"><c:v>Junho</c:v></c:pt><c:pt idx="6"><c:v>Julho</c:v></c:pt><c:pt idx="7"><c:v>Agosto</c:v></c:pt><c:pt idx="8"><c:v>Setembro</c:v></c:pt><c:pt idx="9"><c:v>Outubro</c:v></c:pt><c:pt idx="10"><c:v>Novembro</c:v></c:pt><c:pt idx="11"><c:v>Dezembro</c:v></c:pt></c:strCache></c:strRef></c:cat><c:val><c:numRef><c:f>Plan1!$D$134:$D$145</c:f><c:numCache><c:formatCode>_(* #,##0_);_(* \(#,##0\);_(* "-"??_);_(@_)</c:formatCode><c:ptCount val="12"/><c:pt idx="0"><c:v>4566320.5500000007</c:v></c:pt><c:pt idx="1"><c:v>4679585.0700000022</c:v></c:pt><c:pt idx="2"><c:v>4815102.6629999988</c:v></c:pt><c:pt idx="3"><c:v>4885145.648</c:v></c:pt><c:pt idx="4"><c:v>5131918.7300000023</c:v></c:pt><c:pt idx="5"><c:v>4707725.4330000011</c:v></c:pt><c:pt idx="6"><c:v>5186600.9310000017</c:v></c:pt><c:pt idx="7"><c:v>5350986.9619999994</c:v></c:pt><c:pt idx="8"><c:v>5355678.4679999985</c:v></c:pt><c:pt idx="9"><c:v>5732736.7169999983</c:v></c:pt><c:pt idx="10"><c:v>4910217.6610000022</c:v></c:pt><c:pt idx="11"><c:v>4709598.756000001</c:v></c:pt></c:numCache></c:numRef></c:val><c:extLst><c:ext uri="{C3380CC4-5D6E-409C-BE32-E72D297353CC}" xmlns:c16="http://schemas.microsoft.com/office/drawing/2014/chart"><c16:uniqueId val="{00000001-285A-4835-94D0-F33A9AEC96AD}"/></c:ext></c:extLst></c:ser><c:ser><c:idx val="14"/><c:order val="2"/><c:tx><c:strRef><c:f>Plan1!$E$133</c:f><c:strCache><c:ptCount val="1"/><c:pt idx="0"><c:v>2015</c:v></c:pt></c:strCache></c:strRef></c:tx><c:invertIfNegative val="0"/><c:cat><c:strRef><c:f>Plan1!$B$134:$B$145</c:f><c:strCache><c:ptCount val="12"/><c:pt idx="0"><c:v>Janeiro</c:v></c:pt><c:pt idx="1"><c:v>Fevereiro</c:v></c:pt><c:pt idx="2"><c:v>Março</c:v></c:pt><c:pt idx="3"><c:v>Abril</c:v></c:pt><c:pt idx="4"><c:v>Maio</c:v></c:pt><c:pt idx="5"><c:v>Junho</c:v></c:pt><c:pt idx="6"><c:v>Julho</c:v></c:pt><c:pt idx="7"><c:v>Agosto</c:v></c:pt><c:pt idx="8"><c:v>Setembro</c:v></c:pt><c:pt idx="9"><c:v>Outubro</c:v></c:pt><c:pt idx="10"><c:v>Novembro</c:v></c:pt><c:pt idx="11"><c:v>Dezembro</c:v></c:pt></c:strCache></c:strRef></c:cat><c:val><c:numRef><c:f>Plan1!$E$134:$E$145</c:f><c:numCache><c:formatCode>_(* #,##0_);_(* \(#,##0\);_(* "-"??_);_(@_)</c:formatCode><c:ptCount val="12"/><c:pt idx="0"><c:v>4732998.7530000005</c:v></c:pt><c:pt idx="1"><c:v>4071620.8389999997</c:v></c:pt><c:pt idx="2"><c:v>5013801.7279999983</c:v></c:pt><c:pt idx="3"><c:v>4738922.6489999983</c:v></c:pt><c:pt idx="4"><c:v>4636556.5580000011</c:v></c:pt><c:pt idx="5"><c:v>4863308.6790000005</c:v></c:pt><c:pt idx="6"><c:v>4963402.3359999973</c:v></c:pt><c:pt idx="7"><c:v>5017610.4499999993</c:v></c:pt><c:pt idx="8"><c:v>4932080.5289999982</c:v></c:pt><c:pt idx="9"><c:v>5181460.3140000021</c:v></c:pt><c:pt idx="10"><c:v>4558032.3339999998</c:v></c:pt><c:pt idx="11"><c:v>4501075.2029999979</c:v></c:pt></c:numCache></c:numRef></c:val><c:extLst><c:ext uri="{C3380CC4-5D6E-409C-BE32-E72D297353CC}" xmlns:c16="http://schemas.microsoft.com/office/drawing/2014/chart"><c16:uniqueId val="{00000002-285A-4835-94D0-F33A9AEC96AD}"/></c:ext></c:extLst></c:ser><c:ser><c:idx val="16"/><c:order val="3"/><c:tx><c:strRef><c:f>Plan1!$F$133</c:f><c:strCache><c:ptCount val="1"/><c:pt idx="0"><c:v>2016</c:v></c:pt></c:strCache></c:strRef></c:tx><c:invertIfNegative val="0"/><c:cat><c:strRef><c:f>Plan1!$B$134:$B$145</c:f><c:strCache><c:ptCount val="12"/><c:pt idx="0"><c:v>Janeiro</c:v></c:pt><c:pt idx="1"><c:v>Fevereiro</c:v></c:pt><c:pt idx="2"><c:v>Março</c:v></c:pt><c:pt idx="3"><c:v>Abril</c:v></c:pt><c:pt idx="4"><c:v>Maio</c:v></c:pt><c:pt idx="5"><c:v>Junho</c:v></c:pt><c:pt idx="6"><c:v>Julho</c:v></c:pt><c:pt idx="7"><c:v>Agosto</c:v></c:pt><c:pt idx="8"><c:v>Setembro</c:v></c:pt><c:pt idx="9"><c:v>Outubro</c:v></c:pt><c:pt idx="10"><c:v>Novembro</c:v></c:pt><c:pt idx="11"><c:v>Dezembro</c:v></c:pt></c:strCache></c:strRef></c:cat><c:val><c:numRef><c:f>Plan1!$F$134:$F$145</c:f><c:numCache><c:formatCode>_(* #,##0_);_(* \(#,##0\);_(* "-"??_);_(@_)</c:formatCode><c:ptCount val="12"/><c:pt idx="0"><c:v>3942869.9829999991</c:v></c:pt><c:pt idx="1"><c:v>4284566.7949999999</c:v></c:pt><c:pt idx="2"><c:v>4751359.4499999993</c:v></c:pt><c:pt idx="3"><c:v>4572943.9800000004</c:v></c:pt><c:pt idx="4"><c:v>4499732.5760000004</c:v></c:pt><c:pt idx="5"><c:v>4616496.4809999987</c:v></c:pt><c:pt idx="6"><c:v>4697056.9579999987</c:v></c:pt><c:pt idx="7"><c:v>4903384.9370000018</c:v></c:pt><c:pt idx="8"><c:v>4775598.2230000002</c:v></c:pt><c:pt idx="9"><c:v>4631472.0719999997</c:v></c:pt><c:pt idx="10"><c:v>4400045.949000001</c:v></c:pt><c:pt idx="11"><c:v>4203042.6690000007</c:v></c:pt></c:numCache></c:numRef></c:val><c:extLst><c:ext uri="{C3380CC4-5D6E-409C-BE32-E72D297353CC}" xmlns:c16="http://schemas.microsoft.com/office/drawing/2014/chart"><c16:uniqueId val="{00000003-285A-4835-94D0-F33A9AEC96AD}"/></c:ext></c:extLst></c:ser><c:ser><c:idx val="17"/><c:order val="4"/><c:tx><c:strRef><c:f>Plan1!$G$133</c:f><c:strCache><c:ptCount val="1"/><c:pt idx="0"><c:v>2017</c:v></c:pt></c:strCache></c:strRef></c:tx><c:invertIfNegative val="0"/><c:cat><c:strRef><c:f>Plan1!$B$134:$B$145</c:f><c:strCache><c:ptCount val="12"/><c:pt idx="0"><c:v>Janeiro</c:v></c:pt><c:pt idx="1"><c:v>Fevereiro</c:v></c:pt><c:pt idx="2"><c:v>Março</c:v></c:pt><c:pt idx="3"><c:v>Abril</c:v></c:pt><c:pt idx="4"><c:v>Maio</c:v></c:pt><c:pt idx="5"><c:v>Junho</c:v></c:pt><c:pt idx="6"><c:v>Julho</c:v></c:pt><c:pt idx="7"><c:v>Agosto</c:v></c:pt><c:pt idx="8"><c:v>Setembro</c:v></c:pt><c:pt idx="9"><c:v>Outubro</c:v></c:pt><c:pt idx="10"><c:v>Novembro</c:v></c:pt><c:pt idx="11"><c:v>Dezembro</c:v></c:pt></c:strCache></c:strRef></c:cat><c:val><c:numRef><c:f>Plan1!$G$134:$G$145</c:f><c:numCache><c:formatCode>_(* #,##0_);_(* \(#,##0\);_(* "-"??_);_(@_)</c:formatCode><c:ptCount val="12"/><c:pt idx="0"><c:v>3959166.6520000002</c:v></c:pt><c:pt idx="1"><c:v>4034946.4359999993</c:v></c:pt><c:pt idx="2"><c:v>4852097.2460000003</c:v></c:pt><c:pt idx="3"><c:v>4146623.9239999983</c:v></c:pt><c:pt idx="4"><c:v>4614686.9569999995</c:v></c:pt><c:pt idx="5"><c:v>4677453.5930000003</c:v></c:pt><c:pt idx="6"><c:v>4821464.4479999989</c:v></c:pt><c:pt idx="7"><c:v>5001582.4900000021</c:v></c:pt><c:pt idx="8"><c:v>4856584.3389999997</c:v></c:pt><c:pt idx="9"><c:v>4915778.4640000006</c:v></c:pt><c:pt idx="10"><c:v>4640681.9250000007</c:v></c:pt><c:pt idx="11"><c:v>4251226.2489999998</c:v></c:pt></c:numCache></c:numRef></c:val><c:extLst><c:ext uri="{C3380CC4-5D6E-409C-BE32-E72D297353CC}" xmlns:c16="http://schemas.microsoft.com/office/drawing/2014/chart"><c16:uniqueId val="{00000004-285A-4835-94D0-F33A9AEC96AD}"/></c:ext></c:extLst></c:ser><c:ser><c:idx val="0"/><c:order val="5"/><c:tx><c:strRef><c:f>Plan1!$H$133</c:f><c:strCache><c:ptCount val="1"/><c:pt idx="0"><c:v>2018</c:v></c:pt></c:strCache></c:strRef></c:tx><c:invertIfNegative val="0"/><c:val><c:numRef><c:f>Plan1!$H$134:$H$145</c:f><c:numCache><c:formatCode>_(* #,##0_);_(* \(#,##0\);_(* "-"??_);_(@_)</c:formatCode><c:ptCount val="12"/><c:pt idx="0"><c:v>4135742.4269999992</c:v></c:pt><c:pt idx="1"><c:v>4120481.7119999998</c:v></c:pt><c:pt idx="2"><c:v>4825773.442999999</c:v></c:pt><c:pt idx="3"><c:v>4618470.2199999988</c:v></c:pt><c:pt idx="4"><c:v>3772603.2740000002</c:v></c:pt><c:pt idx="5"><c:v>5011752.4369999999</c:v></c:pt><c:pt idx="6"><c:v>4982153.4780000011</c:v></c:pt><c:pt idx="7"><c:v>5197649.5830000015</c:v></c:pt><c:pt idx="8"><c:v>4759710.9970000004</c:v></c:pt><c:pt idx="9"><c:v>5058821.4720000019</c:v></c:pt><c:pt idx="10"><c:v>4738220.6340000005</c:v></c:pt><c:pt idx="11"><c:v>4408063.5219999989</c:v></c:pt></c:numCache></c:numRef></c:val><c:extLst><c:ext uri="{C3380CC4-5D6E-409C-BE32-E72D297353CC}" xmlns:c16="http://schemas.microsoft.com/office/drawing/2014/chart"><c16:uniqueId val="{00000005-285A-4835-94D0-F33A9AEC96AD}"/></c:ext></c:extLst></c:ser><c:ser><c:idx val="1"/><c:order val="6"/><c:tx><c:strRef><c:f>Plan1!$I$133</c:f><c:strCache><c:ptCount val="1"/><c:pt idx="0"><c:v>2019</c:v></c:pt></c:strCache></c:strRef></c:tx><c:invertIfNegative val="0"/><c:val><c:numRef><c:f>Plan1!$I$134:$I$145</c:f><c:numCache><c:formatCode>_(* #,##0_);_(* \(#,##0\);_(* "-"??_);_(@_)</c:formatCode><c:ptCount val="12"/><c:pt idx="0"><c:v>4391503.4300000016</c:v></c:pt><c:pt idx="1"><c:v>4375219.4479999999</c:v></c:pt><c:pt idx="2"><c:v>4554752.7960000001</c:v></c:pt><c:pt idx="3"><c:v>4653654.3949999996</c:v></c:pt><c:pt idx="4"><c:v>4796717.5600000015</c:v></c:pt><c:pt idx="5"><c:v>4653210.841</c:v></c:pt><c:pt idx="6"><c:v>5187031.6069999998</c:v></c:pt><c:pt idx="7"><c:v>5284080.5659999987</c:v></c:pt><c:pt idx="8"><c:v>4891110.9879999999</c:v></c:pt><c:pt idx="9"><c:v>5415773.4340000004</c:v></c:pt><c:pt idx="10"><c:v>4808784.1529999999</c:v></c:pt><c:pt idx="11"><c:v>4286608.5060000019</c:v></c:pt></c:numCache></c:numRef></c:val><c:extLst><c:ext uri="{C3380CC4-5D6E-409C-BE32-E72D297353CC}" xmlns:c16="http://schemas.microsoft.com/office/drawing/2014/chart"><c16:uniqueId val="{00000006-285A-4835-94D0-F33A9AEC96AD}"/></c:ext></c:extLst></c:ser><c:ser><c:idx val="2"/><c:order val="7"/><c:tx><c:v>2020</c:v></c:tx><c:invertIfNegative val="0"/><c:val><c:numRef><c:f>Plan1!$J$134:$J$145</c:f><c:numCache><c:formatCode>_(* #,##0_);_(* \(#,##0\);_(* "-"??_);_(@_)</c:formatCode><c:ptCount val="12"/><c:pt idx="0"><c:v>4432971.2609999999</c:v></c:pt><c:pt idx="1"><c:v>4514231.5229999982</c:v></c:pt><c:pt idx="2"><c:v>4710564.495000001</c:v></c:pt><c:pt idx="3"><c:v>4004816.9029999999</c:v></c:pt><c:pt idx="4"><c:v>4360350.2940000016</c:v></c:pt><c:pt idx="5"><c:v>4696043.3550000004</c:v></c:pt><c:pt idx="6"><c:v>5231198.7910000002</c:v></c:pt><c:pt idx="7"><c:v>5164439.1869999981</c:v></c:pt><c:pt idx="8"><c:v>5237175.7950000027</c:v></c:pt></c:numCache></c:numRef></c:val><c:extLst><c:ext uri="{C3380CC4-5D6E-409C-BE32-E72D297353CC}" xmlns:c16="http://schemas.microsoft.com/office/drawing/2014/chart"><c16:uniqueId val="{00000007-285A-4835-94D0-F33A9AEC96AD}"/></c:ext></c:extLst></c:ser><c:dLbls><c:showLegendKey val="0"/><c:showVal val="0"/><c:showCatName val="0"/><c:showSerName val="0"/><c:showPercent val="0"/><c:showBubbleSize val="0"/></c:dLbls><c:gapWidth val="150"/><c:axId val="503159176"/><c:axId val="1"/></c:barChart><c:catAx><c:axId val="503159176"/><c:scaling><c:orientation val="minMax"/></c:scaling><c:delete val="0"/><c:axPos val="b"/><c:title><c:tx><c:rich><a:bodyPr/><a:lstStyle/><a:p><a:pPr><a:defRPr sz="1200" b="1" i="0" u="none" strike="noStrike" baseline="0"><a:solidFill><a:srgbClr val="000000"/></a:solidFill><a:latin typeface="Arial"/><a:ea typeface="Arial"/><a:cs typeface="Arial"/></a:defRPr></a:pPr><a:r><a:rPr lang="pt-BR"/><a:t>Mês</a:t></a:r></a:p></c:rich></c:tx><c:layout><c:manualLayout><c:xMode val="edge"/><c:yMode val="edge"/><c:x val="0.52869564667212898"/><c:y val="0.87732517926574316"/></c:manualLayout></c:layout><c:overlay val="0"/><c:spPr><a:noFill/><a:ln w="25400"><a:noFill/></a:ln></c:spPr></c:title><c:numFmt formatCode="General" sourceLinked="1"/><c:majorTickMark val="out"/><c:minorTickMark val="none"/><c:tickLblPos val="nextTo"/><c:spPr><a:ln w="3175"><a:solidFill><a:srgbClr val="000000"/></a:solidFill><a:prstDash val="solid"/></a:ln></c:spPr><c:txPr><a:bodyPr rot="-2700000" vert="horz"/><a:lstStyle/><a:p><a:pPr><a:defRPr sz="800" b="0" i="0" u="none" strike="noStrike" baseline="0"><a:solidFill><a:srgbClr val="000000"/></a:solidFill><a:latin typeface="Arial"/><a:ea typeface="Arial"/><a:cs typeface="Arial"/></a:defRPr></a:pPr><a:endParaRPr lang="pt-BR"/></a:p></c:txPr><c:crossAx val="1"/><c:crosses val="autoZero"/><c:auto val="1"/><c:lblAlgn val="ctr"/><c:lblOffset val="100"/><c:tickLblSkip val="1"/><c:tickMarkSkip val="1"/><c:noMultiLvlLbl val="0"/></c:catAx><c:valAx><c:axId val="1"/><c:scaling><c:orientation val="minMax"/></c:scaling><c:delete val="0"/><c:axPos val="l"/><c:majorGridlines><c:spPr><a:ln w="3175"><a:solidFill><a:srgbClr val="000000"/></a:solidFill><a:prstDash val="solid"/></a:ln></c:spPr></c:majorGridlines><c:title><c:tx><c:rich><a:bodyPr/><a:lstStyle/><a:p><a:pPr><a:defRPr sz="1100" b="0" i="0" u="none" strike="noStrike" baseline="0"><a:solidFill><a:srgbClr val="000000"/></a:solidFill><a:latin typeface="Calibri"/><a:ea typeface="Calibri"/><a:cs typeface="Calibri"/></a:defRPr></a:pPr><a:r><a:rPr lang="pt-BR" sz="1200" b="1" i="0" u="none" strike="noStrike" baseline="0"><a:solidFill><a:srgbClr val="000000"/></a:solidFill><a:latin typeface="Arial"/><a:cs typeface="Arial"/></a:rPr><a:t>m</a:t></a:r><a:r><a:rPr lang="pt-BR" sz="1200" b="1" i="0" u="none" strike="noStrike" baseline="30000"><a:solidFill><a:srgbClr val="000000"/></a:solidFill><a:latin typeface="Arial"/><a:cs typeface="Arial"/></a:rPr><a:t>3</a:t></a:r></a:p></c:rich></c:tx><c:layout><c:manualLayout><c:xMode val="edge"/><c:yMode val="edge"/><c:x val="8.6956466721290204E-3"/><c:y val="0.39033508528555516"/></c:manualLayout></c:layout><c:overlay val="0"/><c:spPr><a:noFill/><a:ln w="25400"><a:noFill/></a:ln></c:spPr></c:title><c:numFmt formatCode="#,##0" sourceLinked="0"/><c:majorTickMark val="out"/><c:minorTickMark val="none"/><c:tickLblPos val="nextTo"/><c:spPr><a:ln w="3175"><a:solidFill><a:srgbClr val="000000"/></a:solidFill><a:prstDash val="solid"/></a:ln></c:spPr><c:txPr><a:bodyPr rot="0" vert="horz"/><a:lstStyle/><a:p><a:pPr><a:defRPr sz="925" b="0" i="0" u="none" strike="noStrike" baseline="0"><a:solidFill><a:srgbClr val="000000"/></a:solidFill><a:latin typeface="Arial"/><a:ea typeface="Arial"/><a:cs typeface="Arial"/></a:defRPr></a:pPr><a:endParaRPr lang="pt-BR"/></a:p></c:txPr><c:crossAx val="503159176"/><c:crosses val="autoZero"/><c:crossBetween val="between"/></c:valAx><c:spPr><a:solidFill><a:srgbClr val="FFFFFF"/></a:solidFill><a:ln w="12700"><a:solidFill><a:srgbClr val="808080"/></a:solidFill><a:prstDash val="solid"/></a:ln></c:spPr></c:plotArea><c:legend><c:legendPos val="r"/><c:layout><c:manualLayout><c:xMode val="edge"/><c:yMode val="edge"/><c:wMode val="edge"/><c:hMode val="edge"/><c:x val="0.21958779258659361"/><c:y val="4.5001465387546159E-2"/><c:w val="0.44844262787762218"/><c:h val="0.1225040542388777"/></c:manualLayout></c:layout><c:overlay val="0"/><c:spPr><a:solidFill><a:srgbClr val="FFFFFF"/></a:solidFill><a:ln w="3175"><a:solidFill><a:srgbClr val="000000"/></a:solidFill><a:prstDash val="solid"/></a:ln></c:spPr><c:txPr><a:bodyPr/><a:lstStyle/><a:p><a:pPr><a:defRPr sz="920" b="0" i="0" u="none" strike="noStrike" baseline="0"><a:solidFill><a:srgbClr val="000000"/></a:solidFill><a:latin typeface="Arial"/><a:ea typeface="Arial"/><a:cs typeface="Arial"/></a:defRPr></a:pPr><a:endParaRPr lang="pt-BR"/></a:p></c:txPr></c:legend><c:plotVisOnly val="1"/><c:dispBlanksAs val="gap"/><c:showDLblsOverMax val="0"/></c:chart><c:spPr><a:solidFill><a:srgbClr val="C0C0C0"/></a:solidFill><a:ln w="3175"><a:solidFill><a:srgbClr val="000000"/></a:solidFill><a:prstDash val="solid"/></a:ln></c:spPr><c:txPr><a:bodyPr/><a:lstStyle/><a:p><a:pPr><a:defRPr sz="1025" b="0" i="0" u="none" strike="noStrike" baseline="0"><a:solidFill><a:srgbClr val="000000"/></a:solidFill><a:latin typeface="Arial"/><a:ea typeface="Arial"/><a:cs typeface="Arial"/></a:defRPr></a:pPr><a:endParaRPr lang="pt-BR"/></a:p></c:txPr><c:printSettings><c:headerFooter alignWithMargins="0"/><c:pageMargins b="0.98425196899999978" l="0.78740157499999996" r="0.78740157499999996" t="0.98425196899999978" header="0.49212598500000021" footer="0.49212598500000021"/><c:pageSetup/></c:printSettings></c:chartSpace>