<?xml version="1.0" encoding="UTF-8" standalone="yes"?>
<c:chartSpace xmlns:c="http://schemas.openxmlformats.org/drawingml/2006/chart" xmlns:a="http://schemas.openxmlformats.org/drawingml/2006/main" xmlns:r="http://schemas.openxmlformats.org/officeDocument/2006/relationships" xmlns:c16r2="http://schemas.microsoft.com/office/drawing/2015/06/chart"><c:date1904 val="0"/><c:lang val="pt-BR"/><c:roundedCorners val="0"/><mc:AlternateContent xmlns:mc="http://schemas.openxmlformats.org/markup-compatibility/2006"><mc:Choice Requires="c14" xmlns:c14="http://schemas.microsoft.com/office/drawing/2007/8/2/chart"><c14:style val="102"/></mc:Choice><mc:Fallback><c:style val="2"/></mc:Fallback></mc:AlternateContent><c:chart><c:autoTitleDeleted val="0"/><c:plotArea><c:layout><c:manualLayout><c:layoutTarget val="inner"/><c:xMode val="edge"/><c:yMode val="edge"/><c:x val="7.6610180215668275E-2"/><c:y val="0.18215613382899634"/><c:w val="0.90266615924125349"/><c:h val="0.59786088025912654"/></c:manualLayout></c:layout><c:barChart><c:barDir val="col"/><c:grouping val="clustered"/><c:varyColors val="0"/><c:ser><c:idx val="10"/><c:order val="0"/><c:tx><c:strRef><c:f>Plan1!$C$210</c:f><c:strCache><c:ptCount val="1"/><c:pt idx="0"><c:v>2010</c:v></c:pt></c:strCache></c:strRef></c:tx><c:invertIfNegative val="0"/><c:cat><c:strRef><c:f>Plan1!$B$211:$B$222</c:f><c:strCache><c:ptCount val="12"/><c:pt idx="0"><c:v>Janeiro</c:v></c:pt><c:pt idx="1"><c:v>Fevereiro</c:v></c:pt><c:pt idx="2"><c:v>Março</c:v></c:pt><c:pt idx="3"><c:v>Abril</c:v></c:pt><c:pt idx="4"><c:v>Maio</c:v></c:pt><c:pt idx="5"><c:v>Junho</c:v></c:pt><c:pt idx="6"><c:v>Julho</c:v></c:pt><c:pt idx="7"><c:v>Agosto</c:v></c:pt><c:pt idx="8"><c:v>Setembro</c:v></c:pt><c:pt idx="9"><c:v>Outubro</c:v></c:pt><c:pt idx="10"><c:v>Novembro</c:v></c:pt><c:pt idx="11"><c:v>Dezembro</c:v></c:pt></c:strCache></c:strRef></c:cat><c:val><c:numRef><c:f>Plan1!$C$211:$C$222</c:f><c:numCache><c:formatCode>_(* #,##0_);_(* \(#,##0\);_(* "-"??_);_(@_)</c:formatCode><c:ptCount val="12"/><c:pt idx="0"><c:v>927213.93659420265</c:v></c:pt><c:pt idx="1"><c:v>899369.91847826063</c:v></c:pt><c:pt idx="2"><c:v>1057097.0996376809</c:v></c:pt><c:pt idx="3"><c:v>1023515.9438405792</c:v></c:pt><c:pt idx="4"><c:v>1055491.2210144922</c:v></c:pt><c:pt idx="5"><c:v>1087579.3858695652</c:v></c:pt><c:pt idx="6"><c:v>1134811.3641304346</c:v></c:pt><c:pt idx="7"><c:v>1128069.1485507241</c:v></c:pt><c:pt idx="8"><c:v>1066313.1539855071</c:v></c:pt><c:pt idx="9"><c:v>1047264.4293478258</c:v></c:pt><c:pt idx="10"><c:v>1047236.3423913042</c:v></c:pt><c:pt idx="11"><c:v>1084368.5235507246</c:v></c:pt></c:numCache></c:numRef></c:val><c:extLst><c:ext uri="{C3380CC4-5D6E-409C-BE32-E72D297353CC}" xmlns:c16="http://schemas.microsoft.com/office/drawing/2014/chart"><c16:uniqueId val="{00000000-1420-4210-9F6C-7605BB9D7D9C}"/></c:ext></c:extLst></c:ser><c:ser><c:idx val="11"/><c:order val="1"/><c:tx><c:strRef><c:f>Plan1!$D$210</c:f><c:strCache><c:ptCount val="1"/><c:pt idx="0"><c:v>2011</c:v></c:pt></c:strCache></c:strRef></c:tx><c:invertIfNegative val="0"/><c:cat><c:strRef><c:f>Plan1!$B$211:$B$222</c:f><c:strCache><c:ptCount val="12"/><c:pt idx="0"><c:v>Janeiro</c:v></c:pt><c:pt idx="1"><c:v>Fevereiro</c:v></c:pt><c:pt idx="2"><c:v>Março</c:v></c:pt><c:pt idx="3"><c:v>Abril</c:v></c:pt><c:pt idx="4"><c:v>Maio</c:v></c:pt><c:pt idx="5"><c:v>Junho</c:v></c:pt><c:pt idx="6"><c:v>Julho</c:v></c:pt><c:pt idx="7"><c:v>Agosto</c:v></c:pt><c:pt idx="8"><c:v>Setembro</c:v></c:pt><c:pt idx="9"><c:v>Outubro</c:v></c:pt><c:pt idx="10"><c:v>Novembro</c:v></c:pt><c:pt idx="11"><c:v>Dezembro</c:v></c:pt></c:strCache></c:strRef></c:cat><c:val><c:numRef><c:f>Plan1!$D$211:$D$222</c:f><c:numCache><c:formatCode>_(* #,##0_);_(* \(#,##0\);_(* "-"??_);_(@_)</c:formatCode><c:ptCount val="12"/><c:pt idx="0"><c:v>958148.18478260806</c:v></c:pt><c:pt idx="1"><c:v>949228.87137681199</c:v></c:pt><c:pt idx="2"><c:v>1071177.7626811594</c:v></c:pt><c:pt idx="3"><c:v>1026988.4927536231</c:v></c:pt><c:pt idx="4"><c:v>1105010.3804347825</c:v></c:pt><c:pt idx="5"><c:v>1115029.6811594199</c:v></c:pt><c:pt idx="6"><c:v>1123945.8242753623</c:v></c:pt><c:pt idx="7"><c:v>1181460.6249999995</c:v></c:pt><c:pt idx="8"><c:v>1087716.3894927537</c:v></c:pt><c:pt idx="9"><c:v>1065559.3496376809</c:v></c:pt><c:pt idx="10"><c:v>1071082.7083333333</c:v></c:pt><c:pt idx="11"><c:v>1111956.3297101452</c:v></c:pt></c:numCache></c:numRef></c:val><c:extLst><c:ext uri="{C3380CC4-5D6E-409C-BE32-E72D297353CC}" xmlns:c16="http://schemas.microsoft.com/office/drawing/2014/chart"><c16:uniqueId val="{00000001-1420-4210-9F6C-7605BB9D7D9C}"/></c:ext></c:extLst></c:ser><c:ser><c:idx val="12"/><c:order val="2"/><c:tx><c:strRef><c:f>Plan1!$E$210</c:f><c:strCache><c:ptCount val="1"/><c:pt idx="0"><c:v>2012</c:v></c:pt></c:strCache></c:strRef></c:tx><c:invertIfNegative val="0"/><c:cat><c:strRef><c:f>Plan1!$B$211:$B$222</c:f><c:strCache><c:ptCount val="12"/><c:pt idx="0"><c:v>Janeiro</c:v></c:pt><c:pt idx="1"><c:v>Fevereiro</c:v></c:pt><c:pt idx="2"><c:v>Março</c:v></c:pt><c:pt idx="3"><c:v>Abril</c:v></c:pt><c:pt idx="4"><c:v>Maio</c:v></c:pt><c:pt idx="5"><c:v>Junho</c:v></c:pt><c:pt idx="6"><c:v>Julho</c:v></c:pt><c:pt idx="7"><c:v>Agosto</c:v></c:pt><c:pt idx="8"><c:v>Setembro</c:v></c:pt><c:pt idx="9"><c:v>Outubro</c:v></c:pt><c:pt idx="10"><c:v>Novembro</c:v></c:pt><c:pt idx="11"><c:v>Dezembro</c:v></c:pt></c:strCache></c:strRef></c:cat><c:val><c:numRef><c:f>Plan1!$E$211:$E$222</c:f><c:numCache><c:formatCode>_(* #,##0_);_(* \(#,##0\);_(* "-"??_);_(@_)</c:formatCode><c:ptCount val="12"/><c:pt idx="0"><c:v>1013303.4293478259</c:v></c:pt><c:pt idx="1"><c:v>996726.45652173902</c:v></c:pt><c:pt idx="2"><c:v>1092848.1721014492</c:v></c:pt><c:pt idx="3"><c:v>1007929.5634057971</c:v></c:pt><c:pt idx="4"><c:v>1134760.166666666</c:v></c:pt><c:pt idx="5"><c:v>1108563.7445652168</c:v></c:pt><c:pt idx="6"><c:v>1138292.6032608694</c:v></c:pt><c:pt idx="7"><c:v>1166961.6086956521</c:v></c:pt><c:pt idx="8"><c:v>1035291.0815217388</c:v></c:pt><c:pt idx="9"><c:v>1124422.6286231882</c:v></c:pt><c:pt idx="10"><c:v>1062813.3206521741</c:v></c:pt><c:pt idx="11"><c:v>1044586.0072463768</c:v></c:pt></c:numCache></c:numRef></c:val><c:extLst><c:ext uri="{C3380CC4-5D6E-409C-BE32-E72D297353CC}" xmlns:c16="http://schemas.microsoft.com/office/drawing/2014/chart"><c16:uniqueId val="{00000002-1420-4210-9F6C-7605BB9D7D9C}"/></c:ext></c:extLst></c:ser><c:ser><c:idx val="13"/><c:order val="3"/><c:tx><c:strRef><c:f>Plan1!$F$210</c:f><c:strCache><c:ptCount val="1"/><c:pt idx="0"><c:v>2013</c:v></c:pt></c:strCache></c:strRef></c:tx><c:invertIfNegative val="0"/><c:cat><c:strRef><c:f>Plan1!$B$211:$B$222</c:f><c:strCache><c:ptCount val="12"/><c:pt idx="0"><c:v>Janeiro</c:v></c:pt><c:pt idx="1"><c:v>Fevereiro</c:v></c:pt><c:pt idx="2"><c:v>Março</c:v></c:pt><c:pt idx="3"><c:v>Abril</c:v></c:pt><c:pt idx="4"><c:v>Maio</c:v></c:pt><c:pt idx="5"><c:v>Junho</c:v></c:pt><c:pt idx="6"><c:v>Julho</c:v></c:pt><c:pt idx="7"><c:v>Agosto</c:v></c:pt><c:pt idx="8"><c:v>Setembro</c:v></c:pt><c:pt idx="9"><c:v>Outubro</c:v></c:pt><c:pt idx="10"><c:v>Novembro</c:v></c:pt><c:pt idx="11"><c:v>Dezembro</c:v></c:pt></c:strCache></c:strRef></c:cat><c:val><c:numRef><c:f>Plan1!$F$211:$F$222</c:f><c:numCache><c:formatCode>_(* #,##0_);_(* \(#,##0\);_(* "-"??_);_(@_)</c:formatCode><c:ptCount val="12"/><c:pt idx="0"><c:v>1042884.8894927535</c:v></c:pt><c:pt idx="1"><c:v>971971.25724637683</c:v></c:pt><c:pt idx="2"><c:v>1037588.5018115939</c:v></c:pt><c:pt idx="3"><c:v>1119606.0289855071</c:v></c:pt><c:pt idx="4"><c:v>1130482.3641304348</c:v></c:pt><c:pt idx="5"><c:v>1098939.0670289854</c:v></c:pt><c:pt idx="6"><c:v>1208360.2644927534</c:v></c:pt><c:pt idx="7"><c:v>1206633.8297101448</c:v></c:pt><c:pt idx="8"><c:v>1094027.8931159419</c:v></c:pt><c:pt idx="9"><c:v>1177841.5706521741</c:v></c:pt><c:pt idx="10"><c:v>1085388.3387681157</c:v></c:pt><c:pt idx="11"><c:v>1102760.0507246377</c:v></c:pt></c:numCache></c:numRef></c:val><c:extLst><c:ext uri="{C3380CC4-5D6E-409C-BE32-E72D297353CC}" xmlns:c16="http://schemas.microsoft.com/office/drawing/2014/chart"><c16:uniqueId val="{00000003-1420-4210-9F6C-7605BB9D7D9C}"/></c:ext></c:extLst></c:ser><c:ser><c:idx val="15"/><c:order val="4"/><c:tx><c:strRef><c:f>Plan1!$G$210</c:f><c:strCache><c:ptCount val="1"/><c:pt idx="0"><c:v>2014</c:v></c:pt></c:strCache></c:strRef></c:tx><c:invertIfNegative val="0"/><c:cat><c:strRef><c:f>Plan1!$B$211:$B$222</c:f><c:strCache><c:ptCount val="12"/><c:pt idx="0"><c:v>Janeiro</c:v></c:pt><c:pt idx="1"><c:v>Fevereiro</c:v></c:pt><c:pt idx="2"><c:v>Março</c:v></c:pt><c:pt idx="3"><c:v>Abril</c:v></c:pt><c:pt idx="4"><c:v>Maio</c:v></c:pt><c:pt idx="5"><c:v>Junho</c:v></c:pt><c:pt idx="6"><c:v>Julho</c:v></c:pt><c:pt idx="7"><c:v>Agosto</c:v></c:pt><c:pt idx="8"><c:v>Setembro</c:v></c:pt><c:pt idx="9"><c:v>Outubro</c:v></c:pt><c:pt idx="10"><c:v>Novembro</c:v></c:pt><c:pt idx="11"><c:v>Dezembro</c:v></c:pt></c:strCache></c:strRef></c:cat><c:val><c:numRef><c:f>Plan1!$G$211:$G$222</c:f><c:numCache><c:formatCode>_(* #,##0_);_(* \(#,##0\);_(* "-"??_);_(@_)</c:formatCode><c:ptCount val="12"/><c:pt idx="0"><c:v>1056473.2590579707</c:v></c:pt><c:pt idx="1"><c:v>993866.82427536207</c:v></c:pt><c:pt idx="2"><c:v>1075259.2699275361</c:v></c:pt><c:pt idx="3"><c:v>1099296.1376811594</c:v></c:pt><c:pt idx="4"><c:v>1164096.168478261</c:v></c:pt><c:pt idx="5"><c:v>1115178.2119565217</c:v></c:pt><c:pt idx="6"><c:v>1233845.7047101452</c:v></c:pt><c:pt idx="7"><c:v>1183800.0036231887</c:v></c:pt><c:pt idx="8"><c:v>1153514.532608696</c:v></c:pt><c:pt idx="9"><c:v>1158228.5471014485</c:v></c:pt><c:pt idx="10"><c:v>1062273.6956521736</c:v></c:pt><c:pt idx="11"><c:v>1148130.0851449275</c:v></c:pt></c:numCache></c:numRef></c:val><c:extLst><c:ext uri="{C3380CC4-5D6E-409C-BE32-E72D297353CC}" xmlns:c16="http://schemas.microsoft.com/office/drawing/2014/chart"><c16:uniqueId val="{00000004-1420-4210-9F6C-7605BB9D7D9C}"/></c:ext></c:extLst></c:ser><c:ser><c:idx val="14"/><c:order val="5"/><c:tx><c:strRef><c:f>Plan1!$H$210</c:f><c:strCache><c:ptCount val="1"/><c:pt idx="0"><c:v>2015</c:v></c:pt></c:strCache></c:strRef></c:tx><c:invertIfNegative val="0"/><c:cat><c:strRef><c:f>Plan1!$B$211:$B$222</c:f><c:strCache><c:ptCount val="12"/><c:pt idx="0"><c:v>Janeiro</c:v></c:pt><c:pt idx="1"><c:v>Fevereiro</c:v></c:pt><c:pt idx="2"><c:v>Março</c:v></c:pt><c:pt idx="3"><c:v>Abril</c:v></c:pt><c:pt idx="4"><c:v>Maio</c:v></c:pt><c:pt idx="5"><c:v>Junho</c:v></c:pt><c:pt idx="6"><c:v>Julho</c:v></c:pt><c:pt idx="7"><c:v>Agosto</c:v></c:pt><c:pt idx="8"><c:v>Setembro</c:v></c:pt><c:pt idx="9"><c:v>Outubro</c:v></c:pt><c:pt idx="10"><c:v>Novembro</c:v></c:pt><c:pt idx="11"><c:v>Dezembro</c:v></c:pt></c:strCache></c:strRef></c:cat><c:val><c:numRef><c:f>Plan1!$H$211:$H$222</c:f><c:numCache><c:formatCode>_(* #,##0_);_(* \(#,##0\);_(* "-"??_);_(@_)</c:formatCode><c:ptCount val="12"/><c:pt idx="0"><c:v>1037069.8713768115</c:v></c:pt><c:pt idx="1"><c:v>992039.59601449268</c:v></c:pt><c:pt idx="2"><c:v>1124531.1123188403</c:v></c:pt><c:pt idx="3"><c:v>1091034.6539855071</c:v></c:pt><c:pt idx="4"><c:v>1099560.8043478264</c:v></c:pt><c:pt idx="5"><c:v>1162208.8224637688</c:v></c:pt><c:pt idx="6"><c:v>1217054.628623188</c:v></c:pt><c:pt idx="7"><c:v>1158088.0960144929</c:v></c:pt><c:pt idx="8"><c:v>1113924.0742753623</c:v></c:pt><c:pt idx="9"><c:v>1102364.3985507241</c:v></c:pt><c:pt idx="10"><c:v>1032727.4818840575</c:v></c:pt><c:pt idx="11"><c:v>1118523.5380434778</c:v></c:pt></c:numCache></c:numRef></c:val><c:extLst><c:ext uri="{C3380CC4-5D6E-409C-BE32-E72D297353CC}" xmlns:c16="http://schemas.microsoft.com/office/drawing/2014/chart"><c16:uniqueId val="{00000005-1420-4210-9F6C-7605BB9D7D9C}"/></c:ext></c:extLst></c:ser><c:ser><c:idx val="16"/><c:order val="6"/><c:tx><c:strRef><c:f>Plan1!$I$210</c:f><c:strCache><c:ptCount val="1"/><c:pt idx="0"><c:v>2016</c:v></c:pt></c:strCache></c:strRef></c:tx><c:invertIfNegative val="0"/><c:cat><c:strRef><c:f>Plan1!$B$211:$B$222</c:f><c:strCache><c:ptCount val="12"/><c:pt idx="0"><c:v>Janeiro</c:v></c:pt><c:pt idx="1"><c:v>Fevereiro</c:v></c:pt><c:pt idx="2"><c:v>Março</c:v></c:pt><c:pt idx="3"><c:v>Abril</c:v></c:pt><c:pt idx="4"><c:v>Maio</c:v></c:pt><c:pt idx="5"><c:v>Junho</c:v></c:pt><c:pt idx="6"><c:v>Julho</c:v></c:pt><c:pt idx="7"><c:v>Agosto</c:v></c:pt><c:pt idx="8"><c:v>Setembro</c:v></c:pt><c:pt idx="9"><c:v>Outubro</c:v></c:pt><c:pt idx="10"><c:v>Novembro</c:v></c:pt><c:pt idx="11"><c:v>Dezembro</c:v></c:pt></c:strCache></c:strRef></c:cat><c:val><c:numRef><c:f>Plan1!$I$211:$I$222</c:f><c:numCache><c:formatCode>_(* #,##0_);_(* \(#,##0\);_(* "-"??_);_(@_)</c:formatCode><c:ptCount val="12"/><c:pt idx="0"><c:v>999551.18115942029</c:v></c:pt><c:pt idx="1"><c:v>1022272.4438405799</c:v></c:pt><c:pt idx="2"><c:v>1114001.6902173911</c:v></c:pt><c:pt idx="3"><c:v>1057721.7717391304</c:v></c:pt><c:pt idx="4"><c:v>1143702.0054347822</c:v></c:pt><c:pt idx="5"><c:v>1190052.5000000005</c:v></c:pt><c:pt idx="6"><c:v>1161307.9039855073</c:v></c:pt><c:pt idx="7"><c:v>1232843.175724637</c:v></c:pt><c:pt idx="8"><c:v>1137509.2427536228</c:v></c:pt><c:pt idx="9"><c:v>1095817.3768115942</c:v></c:pt><c:pt idx="10"><c:v>1098597.5217391304</c:v></c:pt><c:pt idx="11"><c:v>1144227.831521739</c:v></c:pt></c:numCache></c:numRef></c:val><c:extLst><c:ext uri="{C3380CC4-5D6E-409C-BE32-E72D297353CC}" xmlns:c16="http://schemas.microsoft.com/office/drawing/2014/chart"><c16:uniqueId val="{00000006-1420-4210-9F6C-7605BB9D7D9C}"/></c:ext></c:extLst></c:ser><c:ser><c:idx val="17"/><c:order val="7"/><c:tx><c:strRef><c:f>Plan1!$J$210</c:f><c:strCache><c:ptCount val="1"/><c:pt idx="0"><c:v>2017</c:v></c:pt></c:strCache></c:strRef></c:tx><c:invertIfNegative val="0"/><c:cat><c:strRef><c:f>Plan1!$B$211:$B$222</c:f><c:strCache><c:ptCount val="12"/><c:pt idx="0"><c:v>Janeiro</c:v></c:pt><c:pt idx="1"><c:v>Fevereiro</c:v></c:pt><c:pt idx="2"><c:v>Março</c:v></c:pt><c:pt idx="3"><c:v>Abril</c:v></c:pt><c:pt idx="4"><c:v>Maio</c:v></c:pt><c:pt idx="5"><c:v>Junho</c:v></c:pt><c:pt idx="6"><c:v>Julho</c:v></c:pt><c:pt idx="7"><c:v>Agosto</c:v></c:pt><c:pt idx="8"><c:v>Setembro</c:v></c:pt><c:pt idx="9"><c:v>Outubro</c:v></c:pt><c:pt idx="10"><c:v>Novembro</c:v></c:pt><c:pt idx="11"><c:v>Dezembro</c:v></c:pt></c:strCache></c:strRef></c:cat><c:val><c:numRef><c:f>Plan1!$J$211:$J$222</c:f><c:numCache><c:formatCode>_(* #,##0_);_(* \(#,##0\);_(* "-"??_);_(@_)</c:formatCode><c:ptCount val="12"/><c:pt idx="0"><c:v>1011625.5452898545</c:v></c:pt><c:pt idx="1"><c:v>967910.88586956495</c:v></c:pt><c:pt idx="2"><c:v>1182241.9384057971</c:v></c:pt><c:pt idx="3"><c:v>1032438.0742753621</c:v></c:pt><c:pt idx="4"><c:v>1175074.5960144929</c:v></c:pt><c:pt idx="5"><c:v>1172208.0126811592</c:v></c:pt><c:pt idx="6"><c:v>1192929.3967391301</c:v></c:pt><c:pt idx="7"><c:v>1230011.8804347822</c:v></c:pt><c:pt idx="8"><c:v>1126406.9619565215</c:v></c:pt><c:pt idx="9"><c:v>1100501.490942029</c:v></c:pt><c:pt idx="10"><c:v>1097456.9637681155</c:v></c:pt><c:pt idx="11"><c:v>1099940.6503623186</c:v></c:pt></c:numCache></c:numRef></c:val><c:extLst><c:ext uri="{C3380CC4-5D6E-409C-BE32-E72D297353CC}" xmlns:c16="http://schemas.microsoft.com/office/drawing/2014/chart"><c16:uniqueId val="{00000007-1420-4210-9F6C-7605BB9D7D9C}"/></c:ext></c:extLst></c:ser><c:ser><c:idx val="0"/><c:order val="8"/><c:tx><c:strRef><c:f>Plan1!$K$210</c:f><c:strCache><c:ptCount val="1"/><c:pt idx="0"><c:v>2018</c:v></c:pt></c:strCache></c:strRef></c:tx><c:invertIfNegative val="0"/><c:cat><c:strRef><c:f>Plan1!$B$211:$B$222</c:f><c:strCache><c:ptCount val="12"/><c:pt idx="0"><c:v>Janeiro</c:v></c:pt><c:pt idx="1"><c:v>Fevereiro</c:v></c:pt><c:pt idx="2"><c:v>Março</c:v></c:pt><c:pt idx="3"><c:v>Abril</c:v></c:pt><c:pt idx="4"><c:v>Maio</c:v></c:pt><c:pt idx="5"><c:v>Junho</c:v></c:pt><c:pt idx="6"><c:v>Julho</c:v></c:pt><c:pt idx="7"><c:v>Agosto</c:v></c:pt><c:pt idx="8"><c:v>Setembro</c:v></c:pt><c:pt idx="9"><c:v>Outubro</c:v></c:pt><c:pt idx="10"><c:v>Novembro</c:v></c:pt><c:pt idx="11"><c:v>Dezembro</c:v></c:pt></c:strCache></c:strRef></c:cat><c:val><c:numRef><c:f>Plan1!$K$211:$K$222</c:f><c:numCache><c:formatCode>_(* #,##0_);_(* \(#,##0\);_(* "-"??_);_(@_)</c:formatCode><c:ptCount val="12"/><c:pt idx="0"><c:v>1039086.7862318839</c:v></c:pt><c:pt idx="1"><c:v>994369.06340579689</c:v></c:pt><c:pt idx="2"><c:v>1095644.8242753621</c:v></c:pt><c:pt idx="3"><c:v>1092362.5996376814</c:v></c:pt><c:pt idx="4"><c:v>1033308.6467391304</c:v></c:pt><c:pt idx="5"><c:v>1267631.1974637676</c:v></c:pt><c:pt idx="6"><c:v>1141142.8206521741</c:v></c:pt><c:pt idx="7"><c:v>1211620.5778985508</c:v></c:pt><c:pt idx="8"><c:v>1090908.2898550727</c:v></c:pt><c:pt idx="9"><c:v>1129187.6648550723</c:v></c:pt><c:pt idx="10"><c:v>1096103.7282608692</c:v></c:pt><c:pt idx="11"><c:v>1065519.9692028984</c:v></c:pt></c:numCache></c:numRef></c:val><c:extLst><c:ext uri="{C3380CC4-5D6E-409C-BE32-E72D297353CC}" xmlns:c16="http://schemas.microsoft.com/office/drawing/2014/chart"><c16:uniqueId val="{00000008-1420-4210-9F6C-7605BB9D7D9C}"/></c:ext></c:extLst></c:ser><c:ser><c:idx val="1"/><c:order val="9"/><c:tx><c:strRef><c:f>Plan1!$L$210</c:f><c:strCache><c:ptCount val="1"/><c:pt idx="0"><c:v>2019</c:v></c:pt></c:strCache></c:strRef></c:tx><c:invertIfNegative val="0"/><c:cat><c:strRef><c:f>Plan1!$B$211:$B$222</c:f><c:strCache><c:ptCount val="12"/><c:pt idx="0"><c:v>Janeiro</c:v></c:pt><c:pt idx="1"><c:v>Fevereiro</c:v></c:pt><c:pt idx="2"><c:v>Março</c:v></c:pt><c:pt idx="3"><c:v>Abril</c:v></c:pt><c:pt idx="4"><c:v>Maio</c:v></c:pt><c:pt idx="5"><c:v>Junho</c:v></c:pt><c:pt idx="6"><c:v>Julho</c:v></c:pt><c:pt idx="7"><c:v>Agosto</c:v></c:pt><c:pt idx="8"><c:v>Setembro</c:v></c:pt><c:pt idx="9"><c:v>Outubro</c:v></c:pt><c:pt idx="10"><c:v>Novembro</c:v></c:pt><c:pt idx="11"><c:v>Dezembro</c:v></c:pt></c:strCache></c:strRef></c:cat><c:val><c:numRef><c:f>Plan1!$L$211:$L$222</c:f><c:numCache><c:formatCode>_(* #,##0_);_(* \(#,##0\);_(* "-"??_);_(@_)</c:formatCode><c:ptCount val="12"/><c:pt idx="0"><c:v>1022056.012681159</c:v></c:pt><c:pt idx="1"><c:v>997556.32246376819</c:v></c:pt><c:pt idx="2"><c:v>1052253.9438405796</c:v></c:pt><c:pt idx="3"><c:v>1086750.4782608694</c:v></c:pt><c:pt idx="4"><c:v>1134203.6123188401</c:v></c:pt><c:pt idx="5"><c:v>1071226.4945652175</c:v></c:pt><c:pt idx="6"><c:v>1221513.5036231885</c:v></c:pt><c:pt idx="7"><c:v>1182873.4076086956</c:v></c:pt><c:pt idx="8"><c:v>1094517.1539855066</c:v></c:pt><c:pt idx="9"><c:v>1153871.5253623191</c:v></c:pt><c:pt idx="10"><c:v>1069645.2300724634</c:v></c:pt><c:pt idx="11"><c:v>1122450.4239130435</c:v></c:pt></c:numCache></c:numRef></c:val><c:extLst><c:ext uri="{C3380CC4-5D6E-409C-BE32-E72D297353CC}" xmlns:c16="http://schemas.microsoft.com/office/drawing/2014/chart"><c16:uniqueId val="{00000009-1420-4210-9F6C-7605BB9D7D9C}"/></c:ext></c:extLst></c:ser><c:ser><c:idx val="2"/><c:order val="10"/><c:tx><c:v>2020</c:v></c:tx><c:invertIfNegative val="0"/><c:cat><c:strRef><c:f>Plan1!$B$211:$B$222</c:f><c:strCache><c:ptCount val="12"/><c:pt idx="0"><c:v>Janeiro</c:v></c:pt><c:pt idx="1"><c:v>Fevereiro</c:v></c:pt><c:pt idx="2"><c:v>Março</c:v></c:pt><c:pt idx="3"><c:v>Abril</c:v></c:pt><c:pt idx="4"><c:v>Maio</c:v></c:pt><c:pt idx="5"><c:v>Junho</c:v></c:pt><c:pt idx="6"><c:v>Julho</c:v></c:pt><c:pt idx="7"><c:v>Agosto</c:v></c:pt><c:pt idx="8"><c:v>Setembro</c:v></c:pt><c:pt idx="9"><c:v>Outubro</c:v></c:pt><c:pt idx="10"><c:v>Novembro</c:v></c:pt><c:pt idx="11"><c:v>Dezembro</c:v></c:pt></c:strCache></c:strRef></c:cat><c:val><c:numRef><c:f>Plan1!$M$211:$M$222</c:f><c:numCache><c:formatCode>_(* #,##0_);_(* \(#,##0\);_(* "-"??_);_(@_)</c:formatCode><c:ptCount val="12"/><c:pt idx="0"><c:v>1032876.5416666665</c:v></c:pt><c:pt idx="1"><c:v>1014197.1576086958</c:v></c:pt><c:pt idx="2"><c:v>1177628.3532608694</c:v></c:pt><c:pt idx="3"><c:v>1129284.2880434783</c:v></c:pt><c:pt idx="4"><c:v>1099207.1992753621</c:v></c:pt><c:pt idx="5"><c:v>1167510.1358695652</c:v></c:pt><c:pt idx="6"><c:v>1244131.9275362319</c:v></c:pt><c:pt idx="7"><c:v>1196802.1394927537</c:v></c:pt><c:pt idx="8"><c:v>1138968.7445652171</c:v></c:pt></c:numCache></c:numRef></c:val><c:extLst><c:ext uri="{C3380CC4-5D6E-409C-BE32-E72D297353CC}" xmlns:c16="http://schemas.microsoft.com/office/drawing/2014/chart"><c16:uniqueId val="{0000000A-1420-4210-9F6C-7605BB9D7D9C}"/></c:ext></c:extLst></c:ser><c:dLbls><c:showLegendKey val="0"/><c:showVal val="0"/><c:showCatName val="0"/><c:showSerName val="0"/><c:showPercent val="0"/><c:showBubbleSize val="0"/></c:dLbls><c:gapWidth val="150"/><c:axId val="503162456"/><c:axId val="1"/></c:barChart><c:catAx><c:axId val="503162456"/><c:scaling><c:orientation val="minMax"/></c:scaling><c:delete val="0"/><c:axPos val="b"/><c:title><c:tx><c:rich><a:bodyPr/><a:lstStyle/><a:p><a:pPr><a:defRPr sz="1200" b="1" i="0" u="none" strike="noStrike" baseline="0"><a:solidFill><a:srgbClr val="000000"/></a:solidFill><a:latin typeface="Arial"/><a:ea typeface="Arial"/><a:cs typeface="Arial"/></a:defRPr></a:pPr><a:r><a:rPr lang="pt-BR"/><a:t>Mês</a:t></a:r></a:p></c:rich></c:tx><c:layout><c:manualLayout><c:xMode val="edge"/><c:yMode val="edge"/><c:x val="0.52869564667212898"/><c:y val="0.87732557003575551"/></c:manualLayout></c:layout><c:overlay val="0"/><c:spPr><a:noFill/><a:ln w="25400"><a:noFill/></a:ln></c:spPr></c:title><c:numFmt formatCode="General" sourceLinked="1"/><c:majorTickMark val="out"/><c:minorTickMark val="none"/><c:tickLblPos val="nextTo"/><c:spPr><a:ln w="3175"><a:solidFill><a:srgbClr val="000000"/></a:solidFill><a:prstDash val="solid"/></a:ln></c:spPr><c:txPr><a:bodyPr rot="-2700000" vert="horz"/><a:lstStyle/><a:p><a:pPr><a:defRPr sz="800" b="0" i="0" u="none" strike="noStrike" baseline="0"><a:solidFill><a:srgbClr val="000000"/></a:solidFill><a:latin typeface="Arial"/><a:ea typeface="Arial"/><a:cs typeface="Arial"/></a:defRPr></a:pPr><a:endParaRPr lang="pt-BR"/></a:p></c:txPr><c:crossAx val="1"/><c:crosses val="autoZero"/><c:auto val="1"/><c:lblAlgn val="ctr"/><c:lblOffset val="100"/><c:tickLblSkip val="1"/><c:tickMarkSkip val="1"/><c:noMultiLvlLbl val="0"/></c:catAx><c:valAx><c:axId val="1"/><c:scaling><c:orientation val="minMax"/></c:scaling><c:delete val="0"/><c:axPos val="l"/><c:majorGridlines><c:spPr><a:ln w="3175"><a:solidFill><a:srgbClr val="000000"/></a:solidFill><a:prstDash val="solid"/></a:ln></c:spPr></c:majorGridlines><c:title><c:tx><c:rich><a:bodyPr/><a:lstStyle/><a:p><a:pPr><a:defRPr sz="1100" b="0" i="0" u="none" strike="noStrike" baseline="0"><a:solidFill><a:srgbClr val="000000"/></a:solidFill><a:latin typeface="Calibri"/><a:ea typeface="Calibri"/><a:cs typeface="Calibri"/></a:defRPr></a:pPr><a:r><a:rPr lang="pt-BR" sz="1200" b="1" i="0" u="none" strike="noStrike" baseline="0"><a:solidFill><a:srgbClr val="000000"/></a:solidFill><a:latin typeface="Arial"/><a:cs typeface="Arial"/></a:rPr><a:t>m</a:t></a:r><a:r><a:rPr lang="pt-BR" sz="1200" b="1" i="0" u="none" strike="noStrike" baseline="30000"><a:solidFill><a:srgbClr val="000000"/></a:solidFill><a:latin typeface="Arial"/><a:cs typeface="Arial"/></a:rPr><a:t>3</a:t></a:r></a:p></c:rich></c:tx><c:layout><c:manualLayout><c:xMode val="edge"/><c:yMode val="edge"/><c:x val="8.6956466721290204E-3"/><c:y val="0.39033508528555516"/></c:manualLayout></c:layout><c:overlay val="0"/><c:spPr><a:noFill/><a:ln w="25400"><a:noFill/></a:ln></c:spPr></c:title><c:numFmt formatCode="#,##0" sourceLinked="0"/><c:majorTickMark val="out"/><c:minorTickMark val="none"/><c:tickLblPos val="nextTo"/><c:spPr><a:ln w="3175"><a:solidFill><a:srgbClr val="000000"/></a:solidFill><a:prstDash val="solid"/></a:ln></c:spPr><c:txPr><a:bodyPr rot="0" vert="horz"/><a:lstStyle/><a:p><a:pPr><a:defRPr sz="925" b="0" i="0" u="none" strike="noStrike" baseline="0"><a:solidFill><a:srgbClr val="000000"/></a:solidFill><a:latin typeface="Arial"/><a:ea typeface="Arial"/><a:cs typeface="Arial"/></a:defRPr></a:pPr><a:endParaRPr lang="pt-BR"/></a:p></c:txPr><c:crossAx val="503162456"/><c:crosses val="autoZero"/><c:crossBetween val="between"/></c:valAx><c:spPr><a:solidFill><a:srgbClr val="FFFFFF"/></a:solidFill><a:ln w="12700"><a:solidFill><a:srgbClr val="808080"/></a:solidFill><a:prstDash val="solid"/></a:ln></c:spPr></c:plotArea><c:legend><c:legendPos val="r"/><c:layout><c:manualLayout><c:xMode val="edge"/><c:yMode val="edge"/><c:wMode val="edge"/><c:hMode val="edge"/><c:x val="0.1881605679161539"/><c:y val="5.750219808131924E-2"/><c:w val="0.50404469429268306"/><c:h val="0.13500478693265078"/></c:manualLayout></c:layout><c:overlay val="0"/><c:spPr><a:solidFill><a:srgbClr val="FFFFFF"/></a:solidFill><a:ln w="3175"><a:solidFill><a:srgbClr val="000000"/></a:solidFill><a:prstDash val="solid"/></a:ln></c:spPr><c:txPr><a:bodyPr/><a:lstStyle/><a:p><a:pPr><a:defRPr sz="920" b="0" i="0" u="none" strike="noStrike" baseline="0"><a:solidFill><a:srgbClr val="000000"/></a:solidFill><a:latin typeface="Arial"/><a:ea typeface="Arial"/><a:cs typeface="Arial"/></a:defRPr></a:pPr><a:endParaRPr lang="pt-BR"/></a:p></c:txPr></c:legend><c:plotVisOnly val="1"/><c:dispBlanksAs val="gap"/><c:showDLblsOverMax val="0"/></c:chart><c:spPr><a:solidFill><a:srgbClr val="C0C0C0"/></a:solidFill><a:ln w="3175"><a:solidFill><a:srgbClr val="000000"/></a:solidFill><a:prstDash val="solid"/></a:ln></c:spPr><c:txPr><a:bodyPr/><a:lstStyle/><a:p><a:pPr><a:defRPr sz="1025" b="0" i="0" u="none" strike="noStrike" baseline="0"><a:solidFill><a:srgbClr val="000000"/></a:solidFill><a:latin typeface="Arial"/><a:ea typeface="Arial"/><a:cs typeface="Arial"/></a:defRPr></a:pPr><a:endParaRPr lang="pt-BR"/></a:p></c:txPr><c:printSettings><c:headerFooter alignWithMargins="0"/><c:pageMargins b="0.98425196899999978" l="0.78740157499999996" r="0.78740157499999996" t="0.98425196899999978" header="0.49212598500000021" footer="0.49212598500000021"/><c:pageSetup/></c:printSettings></c:chartSpace>