<?xml version="1.0" encoding="UTF-8" standalone="yes"?>
<c:chartSpace xmlns:c="http://schemas.openxmlformats.org/drawingml/2006/chart" xmlns:a="http://schemas.openxmlformats.org/drawingml/2006/main" xmlns:r="http://schemas.openxmlformats.org/officeDocument/2006/relationships" xmlns:c16r2="http://schemas.microsoft.com/office/drawing/2015/06/chart"><c:date1904 val="0"/><c:lang val="pt-BR"/><c:roundedCorners val="0"/><mc:AlternateContent xmlns:mc="http://schemas.openxmlformats.org/markup-compatibility/2006"><mc:Choice Requires="c14" xmlns:c14="http://schemas.microsoft.com/office/drawing/2007/8/2/chart"><c14:style val="102"/></mc:Choice><mc:Fallback><c:style val="2"/></mc:Fallback></mc:AlternateContent><c:chart><c:autoTitleDeleted val="0"/><c:plotArea><c:layout><c:manualLayout><c:layoutTarget val="inner"/><c:xMode val="edge"/><c:yMode val="edge"/><c:x val="7.6610180215668289E-2"/><c:y val="0.18215613382899648"/><c:w val="0.90266615924125293"/><c:h val="0.59786088025912654"/></c:manualLayout></c:layout><c:barChart><c:barDir val="col"/><c:grouping val="clustered"/><c:varyColors val="0"/><c:ser><c:idx val="12"/><c:order val="0"/><c:tx><c:strRef><c:f>Plan1!$C$282</c:f><c:strCache><c:ptCount val="1"/><c:pt idx="0"><c:v>2012</c:v></c:pt></c:strCache></c:strRef></c:tx><c:invertIfNegative val="0"/><c:cat><c:strRef><c:f>Plan1!$B$283:$B$294</c:f><c:strCache><c:ptCount val="12"/><c:pt idx="0"><c:v>Janeiro</c:v></c:pt><c:pt idx="1"><c:v>Fevereiro</c:v></c:pt><c:pt idx="2"><c:v>Março</c:v></c:pt><c:pt idx="3"><c:v>Abril</c:v></c:pt><c:pt idx="4"><c:v>Maio</c:v></c:pt><c:pt idx="5"><c:v>Junho</c:v></c:pt><c:pt idx="6"><c:v>Julho</c:v></c:pt><c:pt idx="7"><c:v>Agosto</c:v></c:pt><c:pt idx="8"><c:v>Setembro</c:v></c:pt><c:pt idx="9"><c:v>Outubro</c:v></c:pt><c:pt idx="10"><c:v>Novembro</c:v></c:pt><c:pt idx="11"><c:v>Dezembro</c:v></c:pt></c:strCache></c:strRef></c:cat><c:val><c:numRef><c:f>Plan1!$C$283:$C$294</c:f><c:numCache><c:formatCode>_(* #,##0_);_(* \(#,##0\);_(* "-"??_);_(@_)</c:formatCode><c:ptCount val="12"/><c:pt idx="0"><c:v>737394.66300000018</c:v></c:pt><c:pt idx="1"><c:v>792700.20900000003</c:v></c:pt><c:pt idx="2"><c:v>852874.201</c:v></c:pt><c:pt idx="3"><c:v>789145.451</c:v></c:pt><c:pt idx="4"><c:v>813118.39500000014</c:v></c:pt><c:pt idx="5"><c:v>752357.70700000005</c:v></c:pt><c:pt idx="6"><c:v>766073.9600000002</c:v></c:pt><c:pt idx="7"><c:v>821321.799</c:v></c:pt><c:pt idx="8"><c:v>815790.52299999993</c:v></c:pt><c:pt idx="9"><c:v>918801.75699999987</c:v></c:pt><c:pt idx="10"><c:v>898237.50999999978</c:v></c:pt><c:pt idx="11"><c:v>892364.12900000007</c:v></c:pt></c:numCache></c:numRef></c:val><c:extLst><c:ext uri="{C3380CC4-5D6E-409C-BE32-E72D297353CC}" xmlns:c16="http://schemas.microsoft.com/office/drawing/2014/chart"><c16:uniqueId val="{00000000-99B7-4540-AB9E-A740884DFC93}"/></c:ext></c:extLst></c:ser><c:ser><c:idx val="13"/><c:order val="1"/><c:tx><c:strRef><c:f>Plan1!$D$282</c:f><c:strCache><c:ptCount val="1"/><c:pt idx="0"><c:v>2013</c:v></c:pt></c:strCache></c:strRef></c:tx><c:invertIfNegative val="0"/><c:cat><c:strRef><c:f>Plan1!$B$283:$B$294</c:f><c:strCache><c:ptCount val="12"/><c:pt idx="0"><c:v>Janeiro</c:v></c:pt><c:pt idx="1"><c:v>Fevereiro</c:v></c:pt><c:pt idx="2"><c:v>Março</c:v></c:pt><c:pt idx="3"><c:v>Abril</c:v></c:pt><c:pt idx="4"><c:v>Maio</c:v></c:pt><c:pt idx="5"><c:v>Junho</c:v></c:pt><c:pt idx="6"><c:v>Julho</c:v></c:pt><c:pt idx="7"><c:v>Agosto</c:v></c:pt><c:pt idx="8"><c:v>Setembro</c:v></c:pt><c:pt idx="9"><c:v>Outubro</c:v></c:pt><c:pt idx="10"><c:v>Novembro</c:v></c:pt><c:pt idx="11"><c:v>Dezembro</c:v></c:pt></c:strCache></c:strRef></c:cat><c:val><c:numRef><c:f>Plan1!$D$283:$D$294</c:f><c:numCache><c:formatCode>_(* #,##0_);_(* \(#,##0\);_(* "-"??_);_(@_)</c:formatCode><c:ptCount val="12"/><c:pt idx="0"><c:v>876568.82</c:v></c:pt><c:pt idx="1"><c:v>887521.76300000004</c:v></c:pt><c:pt idx="2"><c:v>887354.34600000002</c:v></c:pt><c:pt idx="3"><c:v>884511.44599999988</c:v></c:pt><c:pt idx="4"><c:v>871349.1170000002</c:v></c:pt><c:pt idx="5"><c:v>906254.86800000002</c:v></c:pt><c:pt idx="6"><c:v>963603.58399999992</c:v></c:pt><c:pt idx="7"><c:v>1021076.3110000002</c:v></c:pt><c:pt idx="8"><c:v>1017087.2340000001</c:v></c:pt><c:pt idx="9"><c:v>1126831.2320000001</c:v></c:pt><c:pt idx="10"><c:v>1104611.0659999999</c:v></c:pt><c:pt idx="11"><c:v>1210722.9750000001</c:v></c:pt></c:numCache></c:numRef></c:val><c:extLst><c:ext uri="{C3380CC4-5D6E-409C-BE32-E72D297353CC}" xmlns:c16="http://schemas.microsoft.com/office/drawing/2014/chart"><c16:uniqueId val="{00000001-99B7-4540-AB9E-A740884DFC93}"/></c:ext></c:extLst></c:ser><c:ser><c:idx val="15"/><c:order val="2"/><c:tx><c:strRef><c:f>Plan1!$E$282</c:f><c:strCache><c:ptCount val="1"/><c:pt idx="0"><c:v>2014</c:v></c:pt></c:strCache></c:strRef></c:tx><c:invertIfNegative val="0"/><c:cat><c:strRef><c:f>Plan1!$B$283:$B$294</c:f><c:strCache><c:ptCount val="12"/><c:pt idx="0"><c:v>Janeiro</c:v></c:pt><c:pt idx="1"><c:v>Fevereiro</c:v></c:pt><c:pt idx="2"><c:v>Março</c:v></c:pt><c:pt idx="3"><c:v>Abril</c:v></c:pt><c:pt idx="4"><c:v>Maio</c:v></c:pt><c:pt idx="5"><c:v>Junho</c:v></c:pt><c:pt idx="6"><c:v>Julho</c:v></c:pt><c:pt idx="7"><c:v>Agosto</c:v></c:pt><c:pt idx="8"><c:v>Setembro</c:v></c:pt><c:pt idx="9"><c:v>Outubro</c:v></c:pt><c:pt idx="10"><c:v>Novembro</c:v></c:pt><c:pt idx="11"><c:v>Dezembro</c:v></c:pt></c:strCache></c:strRef></c:cat><c:val><c:numRef><c:f>Plan1!$E$283:$E$294</c:f><c:numCache><c:formatCode>_(* #,##0_);_(* \(#,##0\);_(* "-"??_);_(@_)</c:formatCode><c:ptCount val="12"/><c:pt idx="0"><c:v>1105353.6460000002</c:v></c:pt><c:pt idx="1"><c:v>1059307.807</c:v></c:pt><c:pt idx="2"><c:v>959139.43299999984</c:v></c:pt><c:pt idx="3"><c:v>997590.68099999998</c:v></c:pt><c:pt idx="4"><c:v>991461.44300000009</c:v></c:pt><c:pt idx="5"><c:v>951224.97400000016</c:v></c:pt><c:pt idx="6"><c:v>1015424.9059999998</c:v></c:pt><c:pt idx="7"><c:v>1061067.2370000002</c:v></c:pt><c:pt idx="8"><c:v>1100117.4990000003</c:v></c:pt><c:pt idx="9"><c:v>1208197.139</c:v></c:pt><c:pt idx="10"><c:v>1165670.6120000002</c:v></c:pt><c:pt idx="11"><c:v>1379559.7789999999</c:v></c:pt></c:numCache></c:numRef></c:val><c:extLst><c:ext uri="{C3380CC4-5D6E-409C-BE32-E72D297353CC}" xmlns:c16="http://schemas.microsoft.com/office/drawing/2014/chart"><c16:uniqueId val="{00000002-99B7-4540-AB9E-A740884DFC93}"/></c:ext></c:extLst></c:ser><c:ser><c:idx val="14"/><c:order val="3"/><c:tx><c:strRef><c:f>Plan1!$F$282</c:f><c:strCache><c:ptCount val="1"/><c:pt idx="0"><c:v>2015</c:v></c:pt></c:strCache></c:strRef></c:tx><c:invertIfNegative val="0"/><c:cat><c:strRef><c:f>Plan1!$B$283:$B$294</c:f><c:strCache><c:ptCount val="12"/><c:pt idx="0"><c:v>Janeiro</c:v></c:pt><c:pt idx="1"><c:v>Fevereiro</c:v></c:pt><c:pt idx="2"><c:v>Março</c:v></c:pt><c:pt idx="3"><c:v>Abril</c:v></c:pt><c:pt idx="4"><c:v>Maio</c:v></c:pt><c:pt idx="5"><c:v>Junho</c:v></c:pt><c:pt idx="6"><c:v>Julho</c:v></c:pt><c:pt idx="7"><c:v>Agosto</c:v></c:pt><c:pt idx="8"><c:v>Setembro</c:v></c:pt><c:pt idx="9"><c:v>Outubro</c:v></c:pt><c:pt idx="10"><c:v>Novembro</c:v></c:pt><c:pt idx="11"><c:v>Dezembro</c:v></c:pt></c:strCache></c:strRef></c:cat><c:val><c:numRef><c:f>Plan1!$F$283:$F$294</c:f><c:numCache><c:formatCode>_(* #,##0_);_(* \(#,##0\);_(* "-"??_);_(@_)</c:formatCode><c:ptCount val="12"/><c:pt idx="0"><c:v>1251914.5639999995</c:v></c:pt><c:pt idx="1"><c:v>1269071.8109999998</c:v></c:pt><c:pt idx="2"><c:v>1448765.426</c:v></c:pt><c:pt idx="3"><c:v>1499971.5269999998</c:v></c:pt><c:pt idx="4"><c:v>1434707.5439999998</c:v></c:pt><c:pt idx="5"><c:v>1490273.4580000001</c:v></c:pt><c:pt idx="6"><c:v>1552109.5260000003</c:v></c:pt><c:pt idx="7"><c:v>1576056.0879999995</c:v></c:pt><c:pt idx="8"><c:v>1633094.9710000001</c:v></c:pt><c:pt idx="9"><c:v>1750110.0830000001</c:v></c:pt><c:pt idx="10"><c:v>1409931.5540000002</c:v></c:pt><c:pt idx="11"><c:v>1546732.9529999997</c:v></c:pt></c:numCache></c:numRef></c:val><c:extLst><c:ext uri="{C3380CC4-5D6E-409C-BE32-E72D297353CC}" xmlns:c16="http://schemas.microsoft.com/office/drawing/2014/chart"><c16:uniqueId val="{00000003-99B7-4540-AB9E-A740884DFC93}"/></c:ext></c:extLst></c:ser><c:ser><c:idx val="16"/><c:order val="4"/><c:tx><c:strRef><c:f>Plan1!$G$282</c:f><c:strCache><c:ptCount val="1"/><c:pt idx="0"><c:v>2016</c:v></c:pt></c:strCache></c:strRef></c:tx><c:invertIfNegative val="0"/><c:cat><c:strRef><c:f>Plan1!$B$283:$B$294</c:f><c:strCache><c:ptCount val="12"/><c:pt idx="0"><c:v>Janeiro</c:v></c:pt><c:pt idx="1"><c:v>Fevereiro</c:v></c:pt><c:pt idx="2"><c:v>Março</c:v></c:pt><c:pt idx="3"><c:v>Abril</c:v></c:pt><c:pt idx="4"><c:v>Maio</c:v></c:pt><c:pt idx="5"><c:v>Junho</c:v></c:pt><c:pt idx="6"><c:v>Julho</c:v></c:pt><c:pt idx="7"><c:v>Agosto</c:v></c:pt><c:pt idx="8"><c:v>Setembro</c:v></c:pt><c:pt idx="9"><c:v>Outubro</c:v></c:pt><c:pt idx="10"><c:v>Novembro</c:v></c:pt><c:pt idx="11"><c:v>Dezembro</c:v></c:pt></c:strCache></c:strRef></c:cat><c:val><c:numRef><c:f>Plan1!$G$283:$G$294</c:f><c:numCache><c:formatCode>_(* #,##0_);_(* \(#,##0\);_(* "-"??_);_(@_)</c:formatCode><c:ptCount val="12"/><c:pt idx="0"><c:v>1212363.1019999997</c:v></c:pt><c:pt idx="1"><c:v>1140129.3390000002</c:v></c:pt><c:pt idx="2"><c:v>1132195.0069999998</c:v></c:pt><c:pt idx="3"><c:v>1160337.0060000001</c:v></c:pt><c:pt idx="4"><c:v>1319907.2329999998</c:v></c:pt><c:pt idx="5"><c:v>1261522.51</c:v></c:pt><c:pt idx="6"><c:v>1314601.9820000003</c:v></c:pt><c:pt idx="7"><c:v>1351409.3360000001</c:v></c:pt><c:pt idx="8"><c:v>1344811.3769999999</c:v></c:pt><c:pt idx="9"><c:v>1198896.5550000004</c:v></c:pt><c:pt idx="10"><c:v>1005537.458</c:v></c:pt><c:pt idx="11"><c:v>1144133.2709999999</c:v></c:pt></c:numCache></c:numRef></c:val><c:extLst><c:ext uri="{C3380CC4-5D6E-409C-BE32-E72D297353CC}" xmlns:c16="http://schemas.microsoft.com/office/drawing/2014/chart"><c16:uniqueId val="{00000004-99B7-4540-AB9E-A740884DFC93}"/></c:ext></c:extLst></c:ser><c:ser><c:idx val="17"/><c:order val="5"/><c:tx><c:strRef><c:f>Plan1!$H$282</c:f><c:strCache><c:ptCount val="1"/><c:pt idx="0"><c:v>2017</c:v></c:pt></c:strCache></c:strRef></c:tx><c:invertIfNegative val="0"/><c:cat><c:strRef><c:f>Plan1!$B$283:$B$294</c:f><c:strCache><c:ptCount val="12"/><c:pt idx="0"><c:v>Janeiro</c:v></c:pt><c:pt idx="1"><c:v>Fevereiro</c:v></c:pt><c:pt idx="2"><c:v>Março</c:v></c:pt><c:pt idx="3"><c:v>Abril</c:v></c:pt><c:pt idx="4"><c:v>Maio</c:v></c:pt><c:pt idx="5"><c:v>Junho</c:v></c:pt><c:pt idx="6"><c:v>Julho</c:v></c:pt><c:pt idx="7"><c:v>Agosto</c:v></c:pt><c:pt idx="8"><c:v>Setembro</c:v></c:pt><c:pt idx="9"><c:v>Outubro</c:v></c:pt><c:pt idx="10"><c:v>Novembro</c:v></c:pt><c:pt idx="11"><c:v>Dezembro</c:v></c:pt></c:strCache></c:strRef></c:cat><c:val><c:numRef><c:f>Plan1!$H$283:$H$294</c:f><c:numCache><c:formatCode>_(* #,##0_);_(* \(#,##0\);_(* "-"??_);_(@_)</c:formatCode><c:ptCount val="12"/><c:pt idx="0"><c:v>886757.91899999999</c:v></c:pt><c:pt idx="1"><c:v>867881.94099999999</c:v></c:pt><c:pt idx="2"><c:v>1009815.7979999998</c:v></c:pt><c:pt idx="3"><c:v>985482.53500000003</c:v></c:pt><c:pt idx="4"><c:v>1041871.1880000002</c:v></c:pt><c:pt idx="5"><c:v>1047822.916</c:v></c:pt><c:pt idx="6"><c:v>1056344.3190000001</c:v></c:pt><c:pt idx="7"><c:v>1220999.0180000002</c:v></c:pt><c:pt idx="8"><c:v>1311907.3320000004</c:v></c:pt><c:pt idx="9"><c:v>1377058.1349999998</c:v></c:pt><c:pt idx="10"><c:v>1338011.872</c:v></c:pt><c:pt idx="11"><c:v>1497821.338</c:v></c:pt></c:numCache></c:numRef></c:val><c:extLst><c:ext uri="{C3380CC4-5D6E-409C-BE32-E72D297353CC}" xmlns:c16="http://schemas.microsoft.com/office/drawing/2014/chart"><c16:uniqueId val="{00000005-99B7-4540-AB9E-A740884DFC93}"/></c:ext></c:extLst></c:ser><c:ser><c:idx val="0"/><c:order val="6"/><c:tx><c:strRef><c:f>Plan1!$I$282</c:f><c:strCache><c:ptCount val="1"/><c:pt idx="0"><c:v>2018</c:v></c:pt></c:strCache></c:strRef></c:tx><c:invertIfNegative val="0"/><c:cat><c:strRef><c:f>Plan1!$B$283:$B$294</c:f><c:strCache><c:ptCount val="12"/><c:pt idx="0"><c:v>Janeiro</c:v></c:pt><c:pt idx="1"><c:v>Fevereiro</c:v></c:pt><c:pt idx="2"><c:v>Março</c:v></c:pt><c:pt idx="3"><c:v>Abril</c:v></c:pt><c:pt idx="4"><c:v>Maio</c:v></c:pt><c:pt idx="5"><c:v>Junho</c:v></c:pt><c:pt idx="6"><c:v>Julho</c:v></c:pt><c:pt idx="7"><c:v>Agosto</c:v></c:pt><c:pt idx="8"><c:v>Setembro</c:v></c:pt><c:pt idx="9"><c:v>Outubro</c:v></c:pt><c:pt idx="10"><c:v>Novembro</c:v></c:pt><c:pt idx="11"><c:v>Dezembro</c:v></c:pt></c:strCache></c:strRef></c:cat><c:val><c:numRef><c:f>Plan1!$I$283:$I$294</c:f><c:numCache><c:formatCode>_(* #,##0_);_(* \(#,##0\);_(* "-"??_);_(@_)</c:formatCode><c:ptCount val="12"/><c:pt idx="0"><c:v>1377296.2210000001</c:v></c:pt><c:pt idx="1"><c:v>1242878.6959999995</c:v></c:pt><c:pt idx="2"><c:v>1372784.0960000001</c:v></c:pt><c:pt idx="3"><c:v>1286890.469</c:v></c:pt><c:pt idx="4"><c:v>1315822.2300000002</c:v></c:pt><c:pt idx="5"><c:v>1494048.567</c:v></c:pt><c:pt idx="6"><c:v>1609360.2400000002</c:v></c:pt><c:pt idx="7"><c:v>1822817.1459999999</c:v></c:pt><c:pt idx="8"><c:v>1799251.0150000001</c:v></c:pt><c:pt idx="9"><c:v>2062893.023</c:v></c:pt><c:pt idx="10"><c:v>1945479.7849999999</c:v></c:pt><c:pt idx="11"><c:v>2055197.6849999998</c:v></c:pt></c:numCache></c:numRef></c:val><c:extLst><c:ext uri="{C3380CC4-5D6E-409C-BE32-E72D297353CC}" xmlns:c16="http://schemas.microsoft.com/office/drawing/2014/chart"><c16:uniqueId val="{00000006-99B7-4540-AB9E-A740884DFC93}"/></c:ext></c:extLst></c:ser><c:ser><c:idx val="1"/><c:order val="7"/><c:tx><c:strRef><c:f>Plan1!$J$282</c:f><c:strCache><c:ptCount val="1"/><c:pt idx="0"><c:v>2019</c:v></c:pt></c:strCache></c:strRef></c:tx><c:invertIfNegative val="0"/><c:cat><c:strRef><c:f>Plan1!$B$283:$B$294</c:f><c:strCache><c:ptCount val="12"/><c:pt idx="0"><c:v>Janeiro</c:v></c:pt><c:pt idx="1"><c:v>Fevereiro</c:v></c:pt><c:pt idx="2"><c:v>Março</c:v></c:pt><c:pt idx="3"><c:v>Abril</c:v></c:pt><c:pt idx="4"><c:v>Maio</c:v></c:pt><c:pt idx="5"><c:v>Junho</c:v></c:pt><c:pt idx="6"><c:v>Julho</c:v></c:pt><c:pt idx="7"><c:v>Agosto</c:v></c:pt><c:pt idx="8"><c:v>Setembro</c:v></c:pt><c:pt idx="9"><c:v>Outubro</c:v></c:pt><c:pt idx="10"><c:v>Novembro</c:v></c:pt><c:pt idx="11"><c:v>Dezembro</c:v></c:pt></c:strCache></c:strRef></c:cat><c:val><c:numRef><c:f>Plan1!$J$283:$J$294</c:f><c:numCache><c:formatCode>_(* #,##0_);_(* \(#,##0\);_(* "-"??_);_(@_)</c:formatCode><c:ptCount val="12"/><c:pt idx="0"><c:v>1859509.6300000001</c:v></c:pt><c:pt idx="1"><c:v>1729379.8760000002</c:v></c:pt><c:pt idx="2"><c:v>1755817.1279999996</c:v></c:pt><c:pt idx="3"><c:v>1817073.4870000004</c:v></c:pt><c:pt idx="4"><c:v>1869708.1130000001</c:v></c:pt><c:pt idx="5"><c:v>1729295.1529999999</c:v></c:pt><c:pt idx="6"><c:v>1865746.8879999998</c:v></c:pt><c:pt idx="7"><c:v>1868818.2019999998</c:v></c:pt><c:pt idx="8"><c:v>1873379.5610000002</c:v></c:pt><c:pt idx="9"><c:v>2055840.7039999999</c:v></c:pt><c:pt idx="10"><c:v>1981879.4650000001</c:v></c:pt><c:pt idx="11"><c:v>2137636.3320000004</c:v></c:pt></c:numCache></c:numRef></c:val><c:extLst><c:ext uri="{C3380CC4-5D6E-409C-BE32-E72D297353CC}" xmlns:c16="http://schemas.microsoft.com/office/drawing/2014/chart"><c16:uniqueId val="{00000007-99B7-4540-AB9E-A740884DFC93}"/></c:ext></c:extLst></c:ser><c:ser><c:idx val="2"/><c:order val="8"/><c:tx><c:v>2020</c:v></c:tx><c:invertIfNegative val="0"/><c:cat><c:strRef><c:f>Plan1!$B$283:$B$294</c:f><c:strCache><c:ptCount val="12"/><c:pt idx="0"><c:v>Janeiro</c:v></c:pt><c:pt idx="1"><c:v>Fevereiro</c:v></c:pt><c:pt idx="2"><c:v>Março</c:v></c:pt><c:pt idx="3"><c:v>Abril</c:v></c:pt><c:pt idx="4"><c:v>Maio</c:v></c:pt><c:pt idx="5"><c:v>Junho</c:v></c:pt><c:pt idx="6"><c:v>Julho</c:v></c:pt><c:pt idx="7"><c:v>Agosto</c:v></c:pt><c:pt idx="8"><c:v>Setembro</c:v></c:pt><c:pt idx="9"><c:v>Outubro</c:v></c:pt><c:pt idx="10"><c:v>Novembro</c:v></c:pt><c:pt idx="11"><c:v>Dezembro</c:v></c:pt></c:strCache></c:strRef></c:cat><c:val><c:numRef><c:f>Plan1!$K$283:$K$294</c:f><c:numCache><c:formatCode>_(* #,##0_);_(* \(#,##0\);_(* "-"??_);_(@_)</c:formatCode><c:ptCount val="12"/><c:pt idx="0"><c:v>1900091.8310000002</c:v></c:pt><c:pt idx="1"><c:v>1772916.8709999998</c:v></c:pt><c:pt idx="2"><c:v>1478098.6040000001</c:v></c:pt><c:pt idx="3"><c:v>1208503.1810000001</c:v></c:pt><c:pt idx="4"><c:v>1268952.5700000003</c:v></c:pt><c:pt idx="5"><c:v>1335636.4489999996</c:v></c:pt><c:pt idx="6"><c:v>1510860.9300000002</c:v></c:pt><c:pt idx="7"><c:v>1569803.3250000002</c:v></c:pt><c:pt idx="8"><c:v>1700708.7100000004</c:v></c:pt></c:numCache></c:numRef></c:val><c:extLst><c:ext uri="{C3380CC4-5D6E-409C-BE32-E72D297353CC}" xmlns:c16="http://schemas.microsoft.com/office/drawing/2014/chart"><c16:uniqueId val="{00000008-99B7-4540-AB9E-A740884DFC93}"/></c:ext></c:extLst></c:ser><c:dLbls><c:showLegendKey val="0"/><c:showVal val="0"/><c:showCatName val="0"/><c:showSerName val="0"/><c:showPercent val="0"/><c:showBubbleSize val="0"/></c:dLbls><c:gapWidth val="150"/><c:axId val="503592520"/><c:axId val="1"/></c:barChart><c:catAx><c:axId val="503592520"/><c:scaling><c:orientation val="minMax"/></c:scaling><c:delete val="0"/><c:axPos val="b"/><c:title><c:tx><c:rich><a:bodyPr/><a:lstStyle/><a:p><a:pPr><a:defRPr sz="1200" b="1" i="0" u="none" strike="noStrike" baseline="0"><a:solidFill><a:srgbClr val="000000"/></a:solidFill><a:latin typeface="Arial"/><a:ea typeface="Arial"/><a:cs typeface="Arial"/></a:defRPr></a:pPr><a:r><a:rPr lang="pt-BR"/><a:t>Mês</a:t></a:r></a:p></c:rich></c:tx><c:layout><c:manualLayout><c:xMode val="edge"/><c:yMode val="edge"/><c:x val="0.52869564667212898"/><c:y val="0.87732517926574316"/></c:manualLayout></c:layout><c:overlay val="0"/><c:spPr><a:noFill/><a:ln w="25400"><a:noFill/></a:ln></c:spPr></c:title><c:numFmt formatCode="General" sourceLinked="1"/><c:majorTickMark val="out"/><c:minorTickMark val="none"/><c:tickLblPos val="nextTo"/><c:spPr><a:ln w="3175"><a:solidFill><a:srgbClr val="000000"/></a:solidFill><a:prstDash val="solid"/></a:ln></c:spPr><c:txPr><a:bodyPr rot="-2700000" vert="horz"/><a:lstStyle/><a:p><a:pPr><a:defRPr sz="800" b="0" i="0" u="none" strike="noStrike" baseline="0"><a:solidFill><a:srgbClr val="000000"/></a:solidFill><a:latin typeface="Arial"/><a:ea typeface="Arial"/><a:cs typeface="Arial"/></a:defRPr></a:pPr><a:endParaRPr lang="pt-BR"/></a:p></c:txPr><c:crossAx val="1"/><c:crosses val="autoZero"/><c:auto val="1"/><c:lblAlgn val="ctr"/><c:lblOffset val="100"/><c:tickLblSkip val="1"/><c:tickMarkSkip val="1"/><c:noMultiLvlLbl val="0"/></c:catAx><c:valAx><c:axId val="1"/><c:scaling><c:orientation val="minMax"/></c:scaling><c:delete val="0"/><c:axPos val="l"/><c:majorGridlines><c:spPr><a:ln w="3175"><a:solidFill><a:srgbClr val="000000"/></a:solidFill><a:prstDash val="solid"/></a:ln></c:spPr></c:majorGridlines><c:title><c:tx><c:rich><a:bodyPr/><a:lstStyle/><a:p><a:pPr><a:defRPr sz="1100" b="0" i="0" u="none" strike="noStrike" baseline="0"><a:solidFill><a:srgbClr val="000000"/></a:solidFill><a:latin typeface="Calibri"/><a:ea typeface="Calibri"/><a:cs typeface="Calibri"/></a:defRPr></a:pPr><a:r><a:rPr lang="pt-BR" sz="1200" b="1" i="0" u="none" strike="noStrike" baseline="0"><a:solidFill><a:srgbClr val="000000"/></a:solidFill><a:latin typeface="Arial"/><a:cs typeface="Arial"/></a:rPr><a:t>m</a:t></a:r><a:r><a:rPr lang="pt-BR" sz="1200" b="1" i="0" u="none" strike="noStrike" baseline="30000"><a:solidFill><a:srgbClr val="000000"/></a:solidFill><a:latin typeface="Arial"/><a:cs typeface="Arial"/></a:rPr><a:t>3</a:t></a:r></a:p></c:rich></c:tx><c:layout><c:manualLayout><c:xMode val="edge"/><c:yMode val="edge"/><c:x val="8.6956466721290204E-3"/><c:y val="0.39033508528555516"/></c:manualLayout></c:layout><c:overlay val="0"/><c:spPr><a:noFill/><a:ln w="25400"><a:noFill/></a:ln></c:spPr></c:title><c:numFmt formatCode="#,##0" sourceLinked="0"/><c:majorTickMark val="out"/><c:minorTickMark val="none"/><c:tickLblPos val="nextTo"/><c:spPr><a:ln w="3175"><a:solidFill><a:srgbClr val="000000"/></a:solidFill><a:prstDash val="solid"/></a:ln></c:spPr><c:txPr><a:bodyPr rot="0" vert="horz"/><a:lstStyle/><a:p><a:pPr><a:defRPr sz="925" b="0" i="0" u="none" strike="noStrike" baseline="0"><a:solidFill><a:srgbClr val="000000"/></a:solidFill><a:latin typeface="Arial"/><a:ea typeface="Arial"/><a:cs typeface="Arial"/></a:defRPr></a:pPr><a:endParaRPr lang="pt-BR"/></a:p></c:txPr><c:crossAx val="503592520"/><c:crosses val="autoZero"/><c:crossBetween val="between"/></c:valAx><c:spPr><a:solidFill><a:srgbClr val="FFFFFF"/></a:solidFill><a:ln w="12700"><a:solidFill><a:srgbClr val="808080"/></a:solidFill><a:prstDash val="solid"/></a:ln></c:spPr></c:plotArea><c:legend><c:legendPos val="r"/><c:layout><c:manualLayout><c:xMode val="edge"/><c:yMode val="edge"/><c:wMode val="edge"/><c:hMode val="edge"/><c:x val="0.16841782583524989"/><c:y val="5.2370997049686403E-2"/><c:w val="0.4262824459116174"/><c:h val="0.12968054551493718"/></c:manualLayout></c:layout><c:overlay val="0"/><c:spPr><a:solidFill><a:srgbClr val="FFFFFF"/></a:solidFill><a:ln w="3175"><a:solidFill><a:srgbClr val="000000"/></a:solidFill><a:prstDash val="solid"/></a:ln></c:spPr><c:txPr><a:bodyPr/><a:lstStyle/><a:p><a:pPr><a:defRPr sz="920" b="0" i="0" u="none" strike="noStrike" baseline="0"><a:solidFill><a:srgbClr val="000000"/></a:solidFill><a:latin typeface="Arial"/><a:ea typeface="Arial"/><a:cs typeface="Arial"/></a:defRPr></a:pPr><a:endParaRPr lang="pt-BR"/></a:p></c:txPr></c:legend><c:plotVisOnly val="1"/><c:dispBlanksAs val="gap"/><c:showDLblsOverMax val="0"/></c:chart><c:spPr><a:solidFill><a:srgbClr val="C0C0C0"/></a:solidFill><a:ln w="3175"><a:solidFill><a:srgbClr val="000000"/></a:solidFill><a:prstDash val="solid"/></a:ln></c:spPr><c:txPr><a:bodyPr/><a:lstStyle/><a:p><a:pPr><a:defRPr sz="1025" b="0" i="0" u="none" strike="noStrike" baseline="0"><a:solidFill><a:srgbClr val="000000"/></a:solidFill><a:latin typeface="Arial"/><a:ea typeface="Arial"/><a:cs typeface="Arial"/></a:defRPr></a:pPr><a:endParaRPr lang="pt-BR"/></a:p></c:txPr><c:printSettings><c:headerFooter alignWithMargins="0"/><c:pageMargins b="0.98425196899999956" l="0.78740157499999996" r="0.78740157499999996" t="0.98425196899999956" header="0.49212598500000054" footer="0.49212598500000054"/><c:pageSetup/></c:printSettings></c:chartSpace>