<?xml version="1.0" encoding="UTF-8" standalone="yes"?>
<c:chartSpace xmlns:c="http://schemas.openxmlformats.org/drawingml/2006/chart" xmlns:a="http://schemas.openxmlformats.org/drawingml/2006/main" xmlns:r="http://schemas.openxmlformats.org/officeDocument/2006/relationships" xmlns:c16r2="http://schemas.microsoft.com/office/drawing/2015/06/chart"><c:date1904 val="0"/><c:lang val="pt-BR"/><c:roundedCorners val="0"/><mc:AlternateContent xmlns:mc="http://schemas.openxmlformats.org/markup-compatibility/2006"><mc:Choice Requires="c14" xmlns:c14="http://schemas.microsoft.com/office/drawing/2007/8/2/chart"><c14:style val="102"/></mc:Choice><mc:Fallback><c:style val="2"/></mc:Fallback></mc:AlternateContent><c:chart><c:autoTitleDeleted val="0"/><c:plotArea><c:layout><c:manualLayout><c:layoutTarget val="inner"/><c:xMode val="edge"/><c:yMode val="edge"/><c:x val="7.6610180215668289E-2"/><c:y val="0.18215613382899654"/><c:w val="0.90266615924125249"/><c:h val="0.59786088025912654"/></c:manualLayout></c:layout><c:barChart><c:barDir val="col"/><c:grouping val="clustered"/><c:varyColors val="0"/><c:ser><c:idx val="12"/><c:order val="0"/><c:tx><c:strRef><c:f>Plan1!$C$317</c:f><c:strCache><c:ptCount val="1"/><c:pt idx="0"><c:v>2012</c:v></c:pt></c:strCache></c:strRef></c:tx><c:invertIfNegative val="0"/><c:cat><c:strRef><c:f>Plan1!$B$318:$B$329</c:f><c:strCache><c:ptCount val="12"/><c:pt idx="0"><c:v>Janeiro</c:v></c:pt><c:pt idx="1"><c:v>Fevereiro</c:v></c:pt><c:pt idx="2"><c:v>Março</c:v></c:pt><c:pt idx="3"><c:v>Abril</c:v></c:pt><c:pt idx="4"><c:v>Maio</c:v></c:pt><c:pt idx="5"><c:v>Junho</c:v></c:pt><c:pt idx="6"><c:v>Julho</c:v></c:pt><c:pt idx="7"><c:v>Agosto</c:v></c:pt><c:pt idx="8"><c:v>Setembro</c:v></c:pt><c:pt idx="9"><c:v>Outubro</c:v></c:pt><c:pt idx="10"><c:v>Novembro</c:v></c:pt><c:pt idx="11"><c:v>Dezembro</c:v></c:pt></c:strCache></c:strRef></c:cat><c:val><c:numRef><c:f>Plan1!$C$318:$C$329</c:f><c:numCache><c:formatCode>_(* #,##0_);_(* \(#,##0\);_(* "-"??_);_(@_)</c:formatCode><c:ptCount val="12"/><c:pt idx="0"><c:v>3097527.2760000001</c:v></c:pt><c:pt idx="1"><c:v>3062795.1700000004</c:v></c:pt><c:pt idx="2"><c:v>3309409.7730000005</c:v></c:pt><c:pt idx="3"><c:v>3167339.3749999986</c:v></c:pt><c:pt idx="4"><c:v>3245573.8760000006</c:v></c:pt><c:pt idx="5"><c:v>3209042.5169999995</c:v></c:pt><c:pt idx="6"><c:v>3249795.0299999989</c:v></c:pt><c:pt idx="7"><c:v>3443751.1469999994</c:v></c:pt><c:pt idx="8"><c:v>3251623.9590000007</c:v></c:pt><c:pt idx="9"><c:v>3570055.057</c:v></c:pt><c:pt idx="10"><c:v>3321685.2650000006</c:v></c:pt><c:pt idx="11"><c:v>3769116.2800000007</c:v></c:pt></c:numCache></c:numRef></c:val><c:extLst><c:ext uri="{C3380CC4-5D6E-409C-BE32-E72D297353CC}" xmlns:c16="http://schemas.microsoft.com/office/drawing/2014/chart"><c16:uniqueId val="{00000000-604B-461E-9392-82AB2E441F65}"/></c:ext></c:extLst></c:ser><c:ser><c:idx val="13"/><c:order val="1"/><c:tx><c:strRef><c:f>Plan1!$D$317</c:f><c:strCache><c:ptCount val="1"/><c:pt idx="0"><c:v>2013</c:v></c:pt></c:strCache></c:strRef></c:tx><c:invertIfNegative val="0"/><c:cat><c:strRef><c:f>Plan1!$B$318:$B$329</c:f><c:strCache><c:ptCount val="12"/><c:pt idx="0"><c:v>Janeiro</c:v></c:pt><c:pt idx="1"><c:v>Fevereiro</c:v></c:pt><c:pt idx="2"><c:v>Março</c:v></c:pt><c:pt idx="3"><c:v>Abril</c:v></c:pt><c:pt idx="4"><c:v>Maio</c:v></c:pt><c:pt idx="5"><c:v>Junho</c:v></c:pt><c:pt idx="6"><c:v>Julho</c:v></c:pt><c:pt idx="7"><c:v>Agosto</c:v></c:pt><c:pt idx="8"><c:v>Setembro</c:v></c:pt><c:pt idx="9"><c:v>Outubro</c:v></c:pt><c:pt idx="10"><c:v>Novembro</c:v></c:pt><c:pt idx="11"><c:v>Dezembro</c:v></c:pt></c:strCache></c:strRef></c:cat><c:val><c:numRef><c:f>Plan1!$D$318:$D$329</c:f><c:numCache><c:formatCode>_(* #,##0_);_(* \(#,##0\);_(* "-"??_);_(@_)</c:formatCode><c:ptCount val="12"/><c:pt idx="0"><c:v>3335897.4120000005</c:v></c:pt><c:pt idx="1"><c:v>2987486.7480000001</c:v></c:pt><c:pt idx="2"><c:v>3360621.8799999994</c:v></c:pt><c:pt idx="3"><c:v>3423164.5539999995</c:v></c:pt><c:pt idx="4"><c:v>3499342.9269999992</c:v></c:pt><c:pt idx="5"><c:v>3281793.46</c:v></c:pt><c:pt idx="6"><c:v>3485650.3149999999</c:v></c:pt><c:pt idx="7"><c:v>3586453.2959999992</c:v></c:pt><c:pt idx="8"><c:v>3372566.5639999998</c:v></c:pt><c:pt idx="9"><c:v>3648718.5900000003</c:v></c:pt><c:pt idx="10"><c:v>3578908.929</c:v></c:pt><c:pt idx="11"><c:v>3865631.916999999</c:v></c:pt></c:numCache></c:numRef></c:val><c:extLst><c:ext uri="{C3380CC4-5D6E-409C-BE32-E72D297353CC}" xmlns:c16="http://schemas.microsoft.com/office/drawing/2014/chart"><c16:uniqueId val="{00000001-604B-461E-9392-82AB2E441F65}"/></c:ext></c:extLst></c:ser><c:ser><c:idx val="15"/><c:order val="2"/><c:tx><c:strRef><c:f>Plan1!$E$317</c:f><c:strCache><c:ptCount val="1"/><c:pt idx="0"><c:v>2014</c:v></c:pt></c:strCache></c:strRef></c:tx><c:invertIfNegative val="0"/><c:cat><c:strRef><c:f>Plan1!$B$318:$B$329</c:f><c:strCache><c:ptCount val="12"/><c:pt idx="0"><c:v>Janeiro</c:v></c:pt><c:pt idx="1"><c:v>Fevereiro</c:v></c:pt><c:pt idx="2"><c:v>Março</c:v></c:pt><c:pt idx="3"><c:v>Abril</c:v></c:pt><c:pt idx="4"><c:v>Maio</c:v></c:pt><c:pt idx="5"><c:v>Junho</c:v></c:pt><c:pt idx="6"><c:v>Julho</c:v></c:pt><c:pt idx="7"><c:v>Agosto</c:v></c:pt><c:pt idx="8"><c:v>Setembro</c:v></c:pt><c:pt idx="9"><c:v>Outubro</c:v></c:pt><c:pt idx="10"><c:v>Novembro</c:v></c:pt><c:pt idx="11"><c:v>Dezembro</c:v></c:pt></c:strCache></c:strRef></c:cat><c:val><c:numRef><c:f>Plan1!$E$318:$E$329</c:f><c:numCache><c:formatCode>_(* #,##0_);_(* \(#,##0\);_(* "-"??_);_(@_)</c:formatCode><c:ptCount val="12"/><c:pt idx="0"><c:v>3588306.043000001</c:v></c:pt><c:pt idx="1"><c:v>3432934.9219999998</c:v></c:pt><c:pt idx="2"><c:v>3555264.9879999999</c:v></c:pt><c:pt idx="3"><c:v>3763829.9799999991</c:v></c:pt><c:pt idx="4"><c:v>3716598.2479999997</c:v></c:pt><c:pt idx="5"><c:v>3455630.5299999993</c:v></c:pt><c:pt idx="6"><c:v>3645347.8749999995</c:v></c:pt><c:pt idx="7"><c:v>3703508.3389999992</c:v></c:pt><c:pt idx="8"><c:v>3777758.4859999996</c:v></c:pt><c:pt idx="9"><c:v>4000745.3369999998</c:v></c:pt><c:pt idx="10"><c:v>3537267.4489999991</c:v></c:pt><c:pt idx="11"><c:v>4187054.611</c:v></c:pt></c:numCache></c:numRef></c:val><c:extLst><c:ext uri="{C3380CC4-5D6E-409C-BE32-E72D297353CC}" xmlns:c16="http://schemas.microsoft.com/office/drawing/2014/chart"><c16:uniqueId val="{00000002-604B-461E-9392-82AB2E441F65}"/></c:ext></c:extLst></c:ser><c:ser><c:idx val="14"/><c:order val="3"/><c:tx><c:strRef><c:f>Plan1!$F$317</c:f><c:strCache><c:ptCount val="1"/><c:pt idx="0"><c:v>2015</c:v></c:pt></c:strCache></c:strRef></c:tx><c:invertIfNegative val="0"/><c:cat><c:strRef><c:f>Plan1!$B$318:$B$329</c:f><c:strCache><c:ptCount val="12"/><c:pt idx="0"><c:v>Janeiro</c:v></c:pt><c:pt idx="1"><c:v>Fevereiro</c:v></c:pt><c:pt idx="2"><c:v>Março</c:v></c:pt><c:pt idx="3"><c:v>Abril</c:v></c:pt><c:pt idx="4"><c:v>Maio</c:v></c:pt><c:pt idx="5"><c:v>Junho</c:v></c:pt><c:pt idx="6"><c:v>Julho</c:v></c:pt><c:pt idx="7"><c:v>Agosto</c:v></c:pt><c:pt idx="8"><c:v>Setembro</c:v></c:pt><c:pt idx="9"><c:v>Outubro</c:v></c:pt><c:pt idx="10"><c:v>Novembro</c:v></c:pt><c:pt idx="11"><c:v>Dezembro</c:v></c:pt></c:strCache></c:strRef></c:cat><c:val><c:numRef><c:f>Plan1!$F$318:$F$329</c:f><c:numCache><c:formatCode>_(* #,##0_);_(* \(#,##0\);_(* "-"??_);_(@_)</c:formatCode><c:ptCount val="12"/><c:pt idx="0"><c:v>3860410.4309999994</c:v></c:pt><c:pt idx="1"><c:v>3110122.5199999996</c:v></c:pt><c:pt idx="2"><c:v>3402206.0810000002</c:v></c:pt><c:pt idx="3"><c:v>3449428.9850000003</c:v></c:pt><c:pt idx="4"><c:v>3274964.64</c:v></c:pt><c:pt idx="5"><c:v>3344632.4549999996</c:v></c:pt><c:pt idx="6"><c:v>3422148.9299999992</c:v></c:pt><c:pt idx="7"><c:v>3289414.4390000002</c:v></c:pt><c:pt idx="8"><c:v>3315073.8409999995</c:v></c:pt><c:pt idx="9"><c:v>3475017.5749999993</c:v></c:pt><c:pt idx="10"><c:v>3249604.8760000002</c:v></c:pt><c:pt idx="11"><c:v>3944376.7969999993</c:v></c:pt></c:numCache></c:numRef></c:val><c:extLst><c:ext uri="{C3380CC4-5D6E-409C-BE32-E72D297353CC}" xmlns:c16="http://schemas.microsoft.com/office/drawing/2014/chart"><c16:uniqueId val="{00000003-604B-461E-9392-82AB2E441F65}"/></c:ext></c:extLst></c:ser><c:ser><c:idx val="16"/><c:order val="4"/><c:tx><c:strRef><c:f>Plan1!$G$317</c:f><c:strCache><c:ptCount val="1"/><c:pt idx="0"><c:v>2016</c:v></c:pt></c:strCache></c:strRef></c:tx><c:invertIfNegative val="0"/><c:cat><c:strRef><c:f>Plan1!$B$318:$B$329</c:f><c:strCache><c:ptCount val="12"/><c:pt idx="0"><c:v>Janeiro</c:v></c:pt><c:pt idx="1"><c:v>Fevereiro</c:v></c:pt><c:pt idx="2"><c:v>Março</c:v></c:pt><c:pt idx="3"><c:v>Abril</c:v></c:pt><c:pt idx="4"><c:v>Maio</c:v></c:pt><c:pt idx="5"><c:v>Junho</c:v></c:pt><c:pt idx="6"><c:v>Julho</c:v></c:pt><c:pt idx="7"><c:v>Agosto</c:v></c:pt><c:pt idx="8"><c:v>Setembro</c:v></c:pt><c:pt idx="9"><c:v>Outubro</c:v></c:pt><c:pt idx="10"><c:v>Novembro</c:v></c:pt><c:pt idx="11"><c:v>Dezembro</c:v></c:pt></c:strCache></c:strRef></c:cat><c:val><c:numRef><c:f>Plan1!$G$318:$G$329</c:f><c:numCache><c:formatCode>_(* #,##0_);_(* \(#,##0\);_(* "-"??_);_(@_)</c:formatCode><c:ptCount val="12"/><c:pt idx="0"><c:v>3321867.9709999994</c:v></c:pt><c:pt idx="1"><c:v>3463858.3870000006</c:v></c:pt><c:pt idx="2"><c:v>3732665.2580000004</c:v></c:pt><c:pt idx="3"><c:v>3571395.6639999999</c:v></c:pt><c:pt idx="4"><c:v>3428700.68</c:v></c:pt><c:pt idx="5"><c:v>3370928.2050000001</c:v></c:pt><c:pt idx="6"><c:v>3442005.5619999995</c:v></c:pt><c:pt idx="7"><c:v>3553375.6139999991</c:v></c:pt><c:pt idx="8"><c:v>3583991.9169999999</c:v></c:pt><c:pt idx="9"><c:v>3620869.4019999993</c:v></c:pt><c:pt idx="10"><c:v>3706914.2960000001</c:v></c:pt><c:pt idx="11"><c:v>4222508.9219999993</c:v></c:pt></c:numCache></c:numRef></c:val><c:extLst><c:ext uri="{C3380CC4-5D6E-409C-BE32-E72D297353CC}" xmlns:c16="http://schemas.microsoft.com/office/drawing/2014/chart"><c16:uniqueId val="{00000004-604B-461E-9392-82AB2E441F65}"/></c:ext></c:extLst></c:ser><c:ser><c:idx val="17"/><c:order val="5"/><c:tx><c:strRef><c:f>Plan1!$H$317</c:f><c:strCache><c:ptCount val="1"/><c:pt idx="0"><c:v>2017</c:v></c:pt></c:strCache></c:strRef></c:tx><c:invertIfNegative val="0"/><c:cat><c:strRef><c:f>Plan1!$B$318:$B$329</c:f><c:strCache><c:ptCount val="12"/><c:pt idx="0"><c:v>Janeiro</c:v></c:pt><c:pt idx="1"><c:v>Fevereiro</c:v></c:pt><c:pt idx="2"><c:v>Março</c:v></c:pt><c:pt idx="3"><c:v>Abril</c:v></c:pt><c:pt idx="4"><c:v>Maio</c:v></c:pt><c:pt idx="5"><c:v>Junho</c:v></c:pt><c:pt idx="6"><c:v>Julho</c:v></c:pt><c:pt idx="7"><c:v>Agosto</c:v></c:pt><c:pt idx="8"><c:v>Setembro</c:v></c:pt><c:pt idx="9"><c:v>Outubro</c:v></c:pt><c:pt idx="10"><c:v>Novembro</c:v></c:pt><c:pt idx="11"><c:v>Dezembro</c:v></c:pt></c:strCache></c:strRef></c:cat><c:val><c:numRef><c:f>Plan1!$H$318:$H$329</c:f><c:numCache><c:formatCode>_(* #,##0_);_(* \(#,##0\);_(* "-"??_);_(@_)</c:formatCode><c:ptCount val="12"/><c:pt idx="0"><c:v>3722536.7680000006</c:v></c:pt><c:pt idx="1"><c:v>3546965.9039999992</c:v></c:pt><c:pt idx="2"><c:v>3948915.9669999997</c:v></c:pt><c:pt idx="3"><c:v>3650211.7049999991</c:v></c:pt><c:pt idx="4"><c:v>3784613.1779999998</c:v></c:pt><c:pt idx="5"><c:v>3761325.4109999989</c:v></c:pt><c:pt idx="6"><c:v>3709278.449</c:v></c:pt><c:pt idx="7"><c:v>3695580.2629999998</c:v></c:pt><c:pt idx="8"><c:v>3500534.9650000008</c:v></c:pt><c:pt idx="9"><c:v>3538792.8140000002</c:v></c:pt><c:pt idx="10"><c:v>3434291.1490000002</c:v></c:pt><c:pt idx="11"><c:v>3856485.4399999985</c:v></c:pt></c:numCache></c:numRef></c:val><c:extLst><c:ext uri="{C3380CC4-5D6E-409C-BE32-E72D297353CC}" xmlns:c16="http://schemas.microsoft.com/office/drawing/2014/chart"><c16:uniqueId val="{00000005-604B-461E-9392-82AB2E441F65}"/></c:ext></c:extLst></c:ser><c:ser><c:idx val="0"/><c:order val="6"/><c:tx><c:strRef><c:f>Plan1!$I$317</c:f><c:strCache><c:ptCount val="1"/><c:pt idx="0"><c:v>2018</c:v></c:pt></c:strCache></c:strRef></c:tx><c:invertIfNegative val="0"/><c:cat><c:strRef><c:f>Plan1!$B$318:$B$329</c:f><c:strCache><c:ptCount val="12"/><c:pt idx="0"><c:v>Janeiro</c:v></c:pt><c:pt idx="1"><c:v>Fevereiro</c:v></c:pt><c:pt idx="2"><c:v>Março</c:v></c:pt><c:pt idx="3"><c:v>Abril</c:v></c:pt><c:pt idx="4"><c:v>Maio</c:v></c:pt><c:pt idx="5"><c:v>Junho</c:v></c:pt><c:pt idx="6"><c:v>Julho</c:v></c:pt><c:pt idx="7"><c:v>Agosto</c:v></c:pt><c:pt idx="8"><c:v>Setembro</c:v></c:pt><c:pt idx="9"><c:v>Outubro</c:v></c:pt><c:pt idx="10"><c:v>Novembro</c:v></c:pt><c:pt idx="11"><c:v>Dezembro</c:v></c:pt></c:strCache></c:strRef></c:cat><c:val><c:numRef><c:f>Plan1!$I$318:$I$329</c:f><c:numCache><c:formatCode>_(* #,##0_);_(* \(#,##0\);_(* "-"??_);_(@_)</c:formatCode><c:ptCount val="12"/><c:pt idx="0"><c:v>3389921.8490000004</c:v></c:pt><c:pt idx="1"><c:v>3132420.3999999994</c:v></c:pt><c:pt idx="2"><c:v>3625937.3129999996</c:v></c:pt><c:pt idx="3"><c:v>3374562.5639999984</c:v></c:pt><c:pt idx="4"><c:v>3067245.4379999982</c:v></c:pt><c:pt idx="5"><c:v>3152100.196</c:v></c:pt><c:pt idx="6"><c:v>2996048.7350000003</c:v></c:pt><c:pt idx="7"><c:v>3197553.4230000004</c:v></c:pt><c:pt idx="8"><c:v>2887525.0730000013</c:v></c:pt><c:pt idx="9"><c:v>3053220.1409999998</c:v></c:pt><c:pt idx="10"><c:v>3018897.4690000014</c:v></c:pt><c:pt idx="11"><c:v>3456346.6609999994</c:v></c:pt></c:numCache></c:numRef></c:val><c:extLst><c:ext uri="{C3380CC4-5D6E-409C-BE32-E72D297353CC}" xmlns:c16="http://schemas.microsoft.com/office/drawing/2014/chart"><c16:uniqueId val="{00000006-604B-461E-9392-82AB2E441F65}"/></c:ext></c:extLst></c:ser><c:ser><c:idx val="1"/><c:order val="7"/><c:tx><c:strRef><c:f>Plan1!$J$317</c:f><c:strCache><c:ptCount val="1"/><c:pt idx="0"><c:v>2019</c:v></c:pt></c:strCache></c:strRef></c:tx><c:invertIfNegative val="0"/><c:cat><c:strRef><c:f>Plan1!$B$318:$B$329</c:f><c:strCache><c:ptCount val="12"/><c:pt idx="0"><c:v>Janeiro</c:v></c:pt><c:pt idx="1"><c:v>Fevereiro</c:v></c:pt><c:pt idx="2"><c:v>Março</c:v></c:pt><c:pt idx="3"><c:v>Abril</c:v></c:pt><c:pt idx="4"><c:v>Maio</c:v></c:pt><c:pt idx="5"><c:v>Junho</c:v></c:pt><c:pt idx="6"><c:v>Julho</c:v></c:pt><c:pt idx="7"><c:v>Agosto</c:v></c:pt><c:pt idx="8"><c:v>Setembro</c:v></c:pt><c:pt idx="9"><c:v>Outubro</c:v></c:pt><c:pt idx="10"><c:v>Novembro</c:v></c:pt><c:pt idx="11"><c:v>Dezembro</c:v></c:pt></c:strCache></c:strRef></c:cat><c:val><c:numRef><c:f>Plan1!$J$318:$J$329</c:f><c:numCache><c:formatCode>_(* #,##0_);_(* \(#,##0\);_(* "-"??_);_(@_)</c:formatCode><c:ptCount val="12"/><c:pt idx="0"><c:v>3126943.2580000004</c:v></c:pt><c:pt idx="1"><c:v>2956866.4049999998</c:v></c:pt><c:pt idx="2"><c:v>3112212.5189999999</c:v></c:pt><c:pt idx="3"><c:v>3195715.1770000006</c:v></c:pt><c:pt idx="4"><c:v>3139780.2470000009</c:v></c:pt><c:pt idx="5"><c:v>2955523.365999999</c:v></c:pt><c:pt idx="6"><c:v>3226324.9249999998</c:v></c:pt><c:pt idx="7"><c:v>3257545.2990000001</c:v></c:pt><c:pt idx="8"><c:v>3088984.4449999989</c:v></c:pt><c:pt idx="9"><c:v>3322277.2499999991</c:v></c:pt><c:pt idx="10"><c:v>3219828.551</c:v></c:pt><c:pt idx="11"><c:v>3563035.3279999997</c:v></c:pt></c:numCache></c:numRef></c:val><c:extLst><c:ext uri="{C3380CC4-5D6E-409C-BE32-E72D297353CC}" xmlns:c16="http://schemas.microsoft.com/office/drawing/2014/chart"><c16:uniqueId val="{00000007-604B-461E-9392-82AB2E441F65}"/></c:ext></c:extLst></c:ser><c:ser><c:idx val="2"/><c:order val="8"/><c:tx><c:v>2020</c:v></c:tx><c:invertIfNegative val="0"/><c:cat><c:strRef><c:f>Plan1!$B$318:$B$329</c:f><c:strCache><c:ptCount val="12"/><c:pt idx="0"><c:v>Janeiro</c:v></c:pt><c:pt idx="1"><c:v>Fevereiro</c:v></c:pt><c:pt idx="2"><c:v>Março</c:v></c:pt><c:pt idx="3"><c:v>Abril</c:v></c:pt><c:pt idx="4"><c:v>Maio</c:v></c:pt><c:pt idx="5"><c:v>Junho</c:v></c:pt><c:pt idx="6"><c:v>Julho</c:v></c:pt><c:pt idx="7"><c:v>Agosto</c:v></c:pt><c:pt idx="8"><c:v>Setembro</c:v></c:pt><c:pt idx="9"><c:v>Outubro</c:v></c:pt><c:pt idx="10"><c:v>Novembro</c:v></c:pt><c:pt idx="11"><c:v>Dezembro</c:v></c:pt></c:strCache></c:strRef></c:cat><c:val><c:numRef><c:f>Plan1!$K$318:$K$329</c:f><c:numCache><c:formatCode>_(* #,##0_);_(* \(#,##0\);_(* "-"??_);_(@_)</c:formatCode><c:ptCount val="12"/><c:pt idx="0"><c:v>3167239.5870000003</c:v></c:pt><c:pt idx="1"><c:v>3083980.7870000005</c:v></c:pt><c:pt idx="2"><c:v>2697024.6129999994</c:v></c:pt><c:pt idx="3"><c:v>2286484.6970000011</c:v></c:pt><c:pt idx="4"><c:v>2499361.9559999998</c:v></c:pt><c:pt idx="5"><c:v>2722475.0370000005</c:v></c:pt><c:pt idx="6"><c:v>2981551.989000001</c:v></c:pt><c:pt idx="7"><c:v>2933072.5439999998</c:v></c:pt><c:pt idx="8"><c:v>3127219.0460000001</c:v></c:pt></c:numCache></c:numRef></c:val><c:extLst><c:ext uri="{C3380CC4-5D6E-409C-BE32-E72D297353CC}" xmlns:c16="http://schemas.microsoft.com/office/drawing/2014/chart"><c16:uniqueId val="{00000008-604B-461E-9392-82AB2E441F65}"/></c:ext></c:extLst></c:ser><c:dLbls><c:showLegendKey val="0"/><c:showVal val="0"/><c:showCatName val="0"/><c:showSerName val="0"/><c:showPercent val="0"/><c:showBubbleSize val="0"/></c:dLbls><c:gapWidth val="150"/><c:axId val="503589568"/><c:axId val="1"/></c:barChart><c:catAx><c:axId val="503589568"/><c:scaling><c:orientation val="minMax"/></c:scaling><c:delete val="0"/><c:axPos val="b"/><c:title><c:tx><c:rich><a:bodyPr/><a:lstStyle/><a:p><a:pPr><a:defRPr sz="1200" b="1" i="0" u="none" strike="noStrike" baseline="0"><a:solidFill><a:srgbClr val="000000"/></a:solidFill><a:latin typeface="Arial"/><a:ea typeface="Arial"/><a:cs typeface="Arial"/></a:defRPr></a:pPr><a:r><a:rPr lang="pt-BR"/><a:t>Mês</a:t></a:r></a:p></c:rich></c:tx><c:layout><c:manualLayout><c:xMode val="edge"/><c:yMode val="edge"/><c:x val="0.52869564667212898"/><c:y val="0.87732557003575551"/></c:manualLayout></c:layout><c:overlay val="0"/><c:spPr><a:noFill/><a:ln w="25400"><a:noFill/></a:ln></c:spPr></c:title><c:numFmt formatCode="General" sourceLinked="1"/><c:majorTickMark val="out"/><c:minorTickMark val="none"/><c:tickLblPos val="nextTo"/><c:spPr><a:ln w="3175"><a:solidFill><a:srgbClr val="000000"/></a:solidFill><a:prstDash val="solid"/></a:ln></c:spPr><c:txPr><a:bodyPr rot="-2700000" vert="horz"/><a:lstStyle/><a:p><a:pPr><a:defRPr sz="800" b="0" i="0" u="none" strike="noStrike" baseline="0"><a:solidFill><a:srgbClr val="000000"/></a:solidFill><a:latin typeface="Arial"/><a:ea typeface="Arial"/><a:cs typeface="Arial"/></a:defRPr></a:pPr><a:endParaRPr lang="pt-BR"/></a:p></c:txPr><c:crossAx val="1"/><c:crosses val="autoZero"/><c:auto val="1"/><c:lblAlgn val="ctr"/><c:lblOffset val="100"/><c:tickLblSkip val="1"/><c:tickMarkSkip val="1"/><c:noMultiLvlLbl val="0"/></c:catAx><c:valAx><c:axId val="1"/><c:scaling><c:orientation val="minMax"/></c:scaling><c:delete val="0"/><c:axPos val="l"/><c:majorGridlines><c:spPr><a:ln w="3175"><a:solidFill><a:srgbClr val="000000"/></a:solidFill><a:prstDash val="solid"/></a:ln></c:spPr></c:majorGridlines><c:title><c:tx><c:rich><a:bodyPr/><a:lstStyle/><a:p><a:pPr><a:defRPr sz="1100" b="0" i="0" u="none" strike="noStrike" baseline="0"><a:solidFill><a:srgbClr val="000000"/></a:solidFill><a:latin typeface="Calibri"/><a:ea typeface="Calibri"/><a:cs typeface="Calibri"/></a:defRPr></a:pPr><a:r><a:rPr lang="pt-BR" sz="1200" b="1" i="0" u="none" strike="noStrike" baseline="0"><a:solidFill><a:srgbClr val="000000"/></a:solidFill><a:latin typeface="Arial"/><a:cs typeface="Arial"/></a:rPr><a:t>m</a:t></a:r><a:r><a:rPr lang="pt-BR" sz="1200" b="1" i="0" u="none" strike="noStrike" baseline="30000"><a:solidFill><a:srgbClr val="000000"/></a:solidFill><a:latin typeface="Arial"/><a:cs typeface="Arial"/></a:rPr><a:t>3</a:t></a:r></a:p></c:rich></c:tx><c:layout><c:manualLayout><c:xMode val="edge"/><c:yMode val="edge"/><c:x val="8.6956466721290204E-3"/><c:y val="0.39033508528555516"/></c:manualLayout></c:layout><c:overlay val="0"/><c:spPr><a:noFill/><a:ln w="25400"><a:noFill/></a:ln></c:spPr></c:title><c:numFmt formatCode="#,##0" sourceLinked="0"/><c:majorTickMark val="out"/><c:minorTickMark val="none"/><c:tickLblPos val="nextTo"/><c:spPr><a:ln w="3175"><a:solidFill><a:srgbClr val="000000"/></a:solidFill><a:prstDash val="solid"/></a:ln></c:spPr><c:txPr><a:bodyPr rot="0" vert="horz"/><a:lstStyle/><a:p><a:pPr><a:defRPr sz="925" b="0" i="0" u="none" strike="noStrike" baseline="0"><a:solidFill><a:srgbClr val="000000"/></a:solidFill><a:latin typeface="Arial"/><a:ea typeface="Arial"/><a:cs typeface="Arial"/></a:defRPr></a:pPr><a:endParaRPr lang="pt-BR"/></a:p></c:txPr><c:crossAx val="503589568"/><c:crosses val="autoZero"/><c:crossBetween val="between"/></c:valAx><c:spPr><a:solidFill><a:srgbClr val="FFFFFF"/></a:solidFill><a:ln w="12700"><a:solidFill><a:srgbClr val="808080"/></a:solidFill><a:prstDash val="solid"/></a:ln></c:spPr></c:plotArea><c:legend><c:legendPos val="r"/><c:layout><c:manualLayout><c:xMode val="edge"/><c:yMode val="edge"/><c:wMode val="edge"/><c:hMode val="edge"/><c:x val="0.16841782583524989"/><c:y val="5.7358785486801747E-2"/><c:w val="0.4262824459116174"/><c:h val="0.13466833395205252"/></c:manualLayout></c:layout><c:overlay val="0"/><c:spPr><a:solidFill><a:srgbClr val="FFFFFF"/></a:solidFill><a:ln w="3175"><a:solidFill><a:srgbClr val="000000"/></a:solidFill><a:prstDash val="solid"/></a:ln></c:spPr><c:txPr><a:bodyPr/><a:lstStyle/><a:p><a:pPr><a:defRPr sz="920" b="0" i="0" u="none" strike="noStrike" baseline="0"><a:solidFill><a:srgbClr val="000000"/></a:solidFill><a:latin typeface="Arial"/><a:ea typeface="Arial"/><a:cs typeface="Arial"/></a:defRPr></a:pPr><a:endParaRPr lang="pt-BR"/></a:p></c:txPr></c:legend><c:plotVisOnly val="1"/><c:dispBlanksAs val="gap"/><c:showDLblsOverMax val="0"/></c:chart><c:spPr><a:solidFill><a:srgbClr val="C0C0C0"/></a:solidFill><a:ln w="3175"><a:solidFill><a:srgbClr val="000000"/></a:solidFill><a:prstDash val="solid"/></a:ln></c:spPr><c:txPr><a:bodyPr/><a:lstStyle/><a:p><a:pPr><a:defRPr sz="1025" b="0" i="0" u="none" strike="noStrike" baseline="0"><a:solidFill><a:srgbClr val="000000"/></a:solidFill><a:latin typeface="Arial"/><a:ea typeface="Arial"/><a:cs typeface="Arial"/></a:defRPr></a:pPr><a:endParaRPr lang="pt-BR"/></a:p></c:txPr><c:printSettings><c:headerFooter alignWithMargins="0"/><c:pageMargins b="0.98425196899999956" l="0.78740157499999996" r="0.78740157499999996" t="0.98425196899999956" header="0.49212598500000077" footer="0.49212598500000077"/><c:pageSetup/></c:printSettings></c:chartSpace>